"STARTDATE";"STARTTIME";"ENDDATE";"ENDTIME";"DURATION";"DOWNLOAD";"UPLOAD";"DOMAIN";"MUNICIPIO";"DUG";"DUF";"CIVICO";"LOCALITA";"SERVICEPROFILE";"DTLN"
"09/09/2020";"00:00:30";"09/09/2020";"00:16:01";"931";"129862380";"1099366873";"REGISTERED";"Municipio I";"Via";"del Tritone";"142";"Roma";"DigitRomaWiFi";"it"
"08/09/2020";"23:56:17";"09/09/2020";"00:18:42";"1345";"132577353";"2750001";"REGISTERED";"Municipio VII";"Piazza";"di Cinecitta";"11";"Roma";"DigitRomaWiFi";"it"
"09/09/2020";"01:20:27";"09/09/2020";"02:38:43";"4696";"466848397";"24052731";"REGISTERED";"Municipio I";"Via";"del Tritone";"142";"Roma";"DigitRomaWiFi";"it"
"08/09/2020";"22:49:11";"09/09/2020";"00:50:28";"7277";"595642656";"557701271";"BIBLIO";"Municipio V";"Via";"del Pigneto";"22";"Roma";"Biblioteche";""
"09/09/2020";"02:41:20";"09/09/2020";"03:11:04";"1784";"452709498";"14349175";"SPID";"Municipio IV";"Via";"Fabriano";"59";"Roma";"DigitRomaWiFi";"it"
"08/09/2020";"23:54:19";"09/09/2020";"03:54:17";"14398";"41471518";"26765809";"REGISTERED";"Municipio I";"Via";"Merulana";"123";"Roma";"DigitRomaWiFi";"it"
"09/09/2020";"02:57:55";"09/09/2020";"06:13:33";"11738";"73977888";"195665514";"REGISTERED";"Municipio I";"Via";"della Consolazione";"4";"Roma";"DigitRomaWiFi";"it"
"09/09/2020";"05:00:06";"09/09/2020";"06:16:44";"4598";"6895269";"791783";"REGISTERED_H24";"Municipio I";"Via";"Trionfale";"45";"Roma";"DigitRomaWiFi_H24";"it"
"09/09/2020";"06:27:38";"09/09/2020";"06:40:15";"757";"29255680";"3015529";"REGISTERED";"Municipio X";"Piazza";"Capelvenere";"13";"Roma";"DigitRomaWiFi";"pl"
"09/09/2020";"06:44:49";"09/09/2020";"06:44:50";"1";"344842";"46275";"REGISTERED_H24";"Municipio I";"Via";"Trionfale";"45";"Roma";"DigitRomaWiFi_H24";"en"
"09/09/2020";"06:49:05";"09/09/2020";"06:53:32";"267";"11776781";"480394";"REGISTERED";"Municipio X";"Via";"Claudio";"1";"Roma";"DigitRomaWiFi";"it"
"09/09/2020";"06:39:40";"09/09/2020";"07:10:21";"1841";"108474678";"11215312";"REGISTERED";"Municipio I";"Via";"del Tritone";"142";"Roma";"DigitRomaWiFi";"it"
"09/09/2020";"07:11:45";"09/09/2020";"07:23:42";"717";"2634499";"293795";"REGISTERED";"Municipio IX";"Via";"di Decima";"96/102";"Roma";"DigitRomaWiFi";"it"
"09/09/2020";"05:46:58";"09/09/2020";"07:30:02";"6184";"13837173";"949984";"REGISTERED_H24";"Municipio I";"Via";"Trionfale";"45";"Roma";"DigitRomaWiFi_H24";"en"
"09/09/2020";"07:32:05";"09/09/2020";"07:36:11";"246";"57466392";"3974978";"REGISTERED";"Municipio XII";"Via";"Fabiola";"14";"Roma";"DigitRomaWiFi";"it"
"09/09/2020";"07:08:13";"09/09/2020";"07:37:56";"1783";"1655964";"293268";"REGISTERED";"Municipio I";"Via";"della Greca";"5";"Roma";"DigitRomaWiFi";"it"
"09/09/2020";"07:01:29";"09/09/2020";"07:42:33";"2464";"67096820";"2532902";"REGISTERED";"Municipio I";"Piazza";"del Campidoglio";"1";"Roma";"DigitRomaWiFi";"it"
"09/09/2020";"07:43:47";"09/09/2020";"07:49:04";"317";"27140250";"937970";"REGISTERED";"Municipio XIII";"Via";"Aurelia";"470";"Roma";"DigitRomaWiFi";"it"
"09/09/2020";"07:50:21";"09/09/2020";"07:50:38";"17";"0";"0";"REGISTERED_MC";"Municipio I";"Via";"delle Tre Pile";"1";"Roma";"Musei_Capitolini";"it"
"09/09/2020";"07:22:47";"09/09/2020";"07:51:33";"1726";"799371";"330275";"REGISTERED";"Municipio I";"Via";"Luigi Petroselli";"50";"Roma";"DigitRomaWiFi";"it"
"09/09/2020";"07:46:53";"09/09/2020";"07:51:36";"283";"1570530";"456348";"REGISTERED";"Municipio I";"Via";"della Greca";"5";"Roma";"DigitRomaWiFi";"it"
"09/09/2020";"07:54:31";"09/09/2020";"07:58:11";"220";"4196238";"2953130";"REGISTERED";"Municipio I";"Via";"Luigi Petroselli";"45";"Roma";"DigitRomaWiFi";"it"
"09/09/2020";"08:04:27";"09/09/2020";"08:09:20";"293";"74582583";"1726569";"REGISTERED";"Municipio XI";"Via";"Domenico Lupatelli";"2";"Roma";"DigitRomaWiFi";"it"
"09/09/2020";"07:50:45";"09/09/2020";"08:14:00";"1395";"44848653";"8367987";"REGISTERED_MC";"Municipio I";"Via";"delle Tre Pile";"1";"Roma";"Musei_Capitolini";"it"
"09/09/2020";"08:04:12";"09/09/2020";"08:14:06";"594";"3002528";"556445";"REGISTERED";"Municipio IV";"Via";"Pollenza";"54";"Roma";"DigitRomaWiFi";"it"
"09/09/2020";"08:09:38";"09/09/2020";"08:17:06";"448";"4563391";"37696051";"REGISTERED";"Municipio XII";"Via";"di Donna Olimpia";"43";"Roma";"DigitRomaWiFi";"it"
"09/09/2020";"07:43:42";"09/09/2020";"08:19:01";"2119";"51652086";"3389555";"REGISTERED_H24";"Municipio I";"Via";"Trionfale";"45";"Roma";"DigitRomaWiFi_H24";"it"
"09/09/2020";"08:10:25";"09/09/2020";"08:19:27";"542";"15632161";"915016";"REGISTERED";"Municipio XI";"Via";"Domenico Lupatelli";"2";"Roma";"DigitRomaWiFi";"it"
"09/09/2020";"06:45:21";"09/09/2020";"08:20:29";"5708";"144632613";"6933793";"REGISTERED_H24";"Municipio I";"Via";"Trionfale";"45";"Roma";"DigitRomaWiFi_H24";"en"
"09/09/2020";"08:02:56";"09/09/2020";"08:22:05";"1149";"4585873";"607632";"REGISTERED";"Municipio I";"Via";"Luigi Petroselli";"50";"Roma";"DigitRomaWiFi";"it"
"09/09/2020";"07:56:04";"09/09/2020";"08:26:30";"1826";"532443842";"5026824";"REGISTERED";"Municipio XIII";"Via";"Aurelia";"470";"Roma";"DigitRomaWiFi";"it"
"09/09/2020";"08:28:41";"09/09/2020";"08:31:45";"184";"14367940";"1204581";"SPID";"Municipio XIII";"Via";"Aurelia";"470";"Roma";"DigitRomaWiFi";"it"
"09/09/2020";"08:30:11";"09/09/2020";"08:32:44";"153";"539094";"87038";"REGISTERED";"Municipio I";"Via";"della Greca";"5";"Roma";"DigitRomaWiFi";"it"
"09/09/2020";"08:19:40";"09/09/2020";"08:37:17";"1057";"84446399";"2784330";"REGISTERED";"Municipio VIII";"Circonvallazione";"Ostiense";"191";"Roma";"DigitRomaWiFi";"it"
"09/09/2020";"08:39:51";"09/09/2020";"08:39:53";"2";"422986";"65893";"REGISTERED_H24";"Municipio I";"Via";"Trionfale";"45";"Roma";"DigitRomaWiFi_H24";"en"
"09/09/2020";"08:35:53";"09/09/2020";"08:44:11";"498";"1694934";"287902";"SPID";"Municipio I";"Largo";"Ascianghi";"4";"Roma";"DigitRomaWiFi";"it"
"09/09/2020";"08:42:19";"09/09/2020";"08:45:48";"209";"771673";"515639";"REGISTERED";"Municipio XI";"Via";"Domenico Lupatelli";"2";"Roma";"DigitRomaWiFi";"it"
"09/09/2020";"08:22:58";"09/09/2020";"08:49:52";"1614";"8160639";"1592650";"REGISTERED";"Municipio I";"Piazza";"del Campidoglio";"1";"Roma";"DigitRomaWiFi";"it"
"09/09/2020";"08:46:54";"09/09/2020";"08:50:09";"195";"1162912";"515850";"REGISTERED";"Municipio I";"Piazza";"di Campitelli";"7";"Roma";"DigitRomaWiFi";"it"
"09/09/2020";"08:46:33";"09/09/2020";"08:50:33";"240";"402058";"71736";"SPID";"Municipio I";"Largo";"Ascianghi";"4";"Roma";"DigitRomaWiFi";"it"
"09/09/2020";"08:50:46";"09/09/2020";"08:50:47";"1";"38213";"9827";"REGISTERED";"Municipio VI";"Viale";"Duilio Cambellotti";"11";"Roma";"DigitRomaWiFi";"it"
"09/09/2020";"08:51:23";"09/09/2020";"08:51:24";"1";"10618";"4279";"REGISTERED";"Municipio XI";"Via";"Portuense";"579";"Roma";"DigitRomaWiFi";"it"
"09/09/2020";"07:11:25";"09/09/2020";"08:13:17";"3712";"642807380";"23121986";"BIBLIO";"Municipio V";"Via";"del Pigneto";"22";"Roma";"Biblioteche";""
"09/09/2020";"08:39:50";"09/09/2020";"08:52:54";"784";"33962973";"1054515";"REGISTERED";"Municipio VIII";"Via";"Ostiense";"106";"Roma";"DigitRomaWiFi";"it"
"09/09/2020";"08:42:05";"09/09/2020";"08:56:07";"842";"39029250";"3743374";"REGISTERED";"Municipio V";"Via";"Giorgio Perlasca";"39";"Roma";"DigitRomaWiFi";"it"
"09/09/2020";"08:28:03";"09/09/2020";"08:56:37";"1714";"2653855";"602537";"REGISTERED";"Municipio I";"Piazza";"del Campidoglio";"1";"Roma";"DigitRomaWiFi";"it"
"09/09/2020";"08:51:42";"09/09/2020";"08:57:39";"357";"4442450";"1543374";"REGISTERED";"Municipio VIII";"Circonvallazione";"Ostiense";"191";"Roma";"DigitRomaWiFi";"it"
"09/09/2020";"08:54:40";"09/09/2020";"08:59:52";"312";"6640611";"379759";"REGISTERED";"Municipio I";"Via";"Luigi Petroselli";"50";"Roma";"DigitRomaWiFi";"it"
"09/09/2020";"08:32:02";"09/09/2020";"09:02:08";"1806";"9885898";"373193";"REGISTERED";"Municipio XI";"Via";"Marino Mazzacurati";"73/75";"Roma";"DigitRomaWiFi";"it"
"09/09/2020";"08:45:06";"09/09/2020";"09:02:50";"1064";"39978741";"4650952";"REGISTERED";"Municipio VIII";"Largo ";"Giovanni da Verrazzano";"7";"Roma";"DigitRomaWiFi";"it"
"09/09/2020";"09:07:03";"09/09/2020";"09:08:43";"100";"4359843";"494585";"REGISTERED";"Municipio VI";"Viale";"Duilio Cambellotti";"11";"Roma";"DigitRomaWiFi";"it"
"09/09/2020";"08:49:12";"09/09/2020";"09:10:36";"1284";"135585462";"5500935";"REGISTERED";"Municipio IV";"Via";"Pollenza";"54";"Roma";"DigitRomaWiFi";"it"
"09/09/2020";"09:05:52";"09/09/2020";"09:10:57";"305";"514088";"88558";"REGISTERED";"Municipio I";"Via";"della Consolazione";"4";"Roma";"DigitRomaWiFi";"it"
"09/09/2020";"09:03:50";"09/09/2020";"09:14:14";"624";"21034784";"2914600";"REGISTERED";"Municipio V";"Via";"Giorgio Perlasca";"39";"Roma";"DigitRomaWiFi";"it"
"09/09/2020";"09:11:29";"09/09/2020";"09:16:35";"306";"432675";"70707";"REGISTERED";"Municipio XI";"Via";"Marino Mazzacurati";"73/75";"Roma";"DigitRomaWiFi";"it"
"09/09/2020";"09:04:14";"09/09/2020";"09:19:52";"938";"4184279";"1422067";"REGISTERED";"Municipio X";"Via";"Claudio";"1";"Roma";"DigitRomaWiFi";"it"
"09/09/2020";"08:16:40";"09/09/2020";"09:20:20";"3820";"1287396";"350588";"REGISTERED";"Municipio I";"Via";"della Greca";"5";"Roma";"DigitRomaWiFi";"it"
"09/09/2020";"08:38:56";"09/09/2020";"09:20:49";"2513";"7901415";"1245887";"REGISTERED";"Municipio I";"Via";"dei Cerchi";"6";"Roma";"DigitRomaWiFi";"it"
"09/09/2020";"08:48:16";"09/09/2020";"09:21:03";"1967";"903214725";"17553551";"REGISTERED";"Municipio I";"Piazza";"di Ponte Umberto I";"1";"Roma";"DigitRomaWiFi";"it"
"09/09/2020";"08:28:53";"09/09/2020";"09:24:57";"3364";"61971804";"3446735";"REGISTERED_H24";"Municipio I";"Via";"Trionfale";"45";"Roma";"DigitRomaWiFi_H24";"en"
"09/09/2020";"09:09:39";"09/09/2020";"09:28:05";"1106";"56563898";"3851212";"REGISTERED";"Municipio IX";"Via";"di Decima";"96/102";"Roma";"DigitRomaWiFi";"it"
"09/09/2020";"09:28:37";"09/09/2020";"09:32:11";"214";"6033407";"20749536";"REGISTERED";"Municipio XI";"Via";"Domenico Lupatelli";"2";"Roma";"DigitRomaWiFi";"it"
"09/09/2020";"09:02:32";"09/09/2020";"09:32:59";"1827";"608617924";"36523294";"REGISTERED";"Municipio XI";"Via";"Marino Mazzacurati";"73/75";"Roma";"DigitRomaWiFi";"it"
"09/09/2020";"08:44:34";"09/09/2020";"09:41:39";"3425";"6213268";"753085";"REGISTERED";"Municipio XII";"Via";"Fabiola";"14";"Roma";"DigitRomaWiFi";"it"
"09/09/2020";"09:06:45";"09/09/2020";"09:42:56";"2171";"40992185";"1501081";"REGISTERED_H24";"Municipio I";"Via";"Trionfale";"45";"Roma";"DigitRomaWiFi_H24";"it"
"09/09/2020";"09:13:18";"09/09/2020";"09:43:58";"1840";"88808262";"7580867";"REGISTERED_MC";"Municipio I";"Via";"delle Tre Pile";"1";"Roma";"Musei_Capitolini";"it"
"09/09/2020";"07:54:04";"09/09/2020";"09:44:24";"6620";"754256520";"200391272";"SPID";"Municipio I";"Via";"Luigi Petroselli";"50";"Roma";"DigitRomaWiFi";"it"
"09/09/2020";"08:58:14";"09/09/2020";"09:44:35";"2781";"114000200";"3348185";"REGISTERED_H24";"Municipio I";"Via";"Trionfale";"45";"Roma";"DigitRomaWiFi_H24";"en"
"09/09/2020";"09:35:42";"09/09/2020";"09:45:19";"577";"150467585";"2204571984";"REGISTERED";"Municipio VI";"Viale";"Duilio Cambellotti";"11";"Roma";"DigitRomaWiFi";"it"
"09/09/2020";"09:35:08";"09/09/2020";"09:46:36";"688";"67496320";"3517915";"REGISTERED";"Municipio V";"Via";"Giorgio Perlasca";"39";"Roma";"DigitRomaWiFi";"it"
"09/09/2020";"08:15:28";"09/09/2020";"09:47:48";"5540";"571588457";"822584929";"REGISTERED";"Municipio I";"Via";"Luigi Petroselli";"45";"Roma";"DigitRomaWiFi";"it"
"09/09/2020";"06:42:30";"09/09/2020";"09:48:06";"11136";"28603833";"1832698";"REGISTERED_H24";"Municipio I";"Via";"Trionfale";"45";"Roma";"DigitRomaWiFi_H24";"it"
"09/09/2020";"09:52:09";"09/09/2020";"09:52:10";"1";"5303";"1008";"REGISTERED";"Municipio XI";"Via";"Portuense";"579";"Roma";"DigitRomaWiFi";"it"
"09/09/2020";"07:31:32";"09/09/2020";"09:52:52";"8480";"65129573";"18355925";"REGISTERED_H24";"Municipio I";"Via";"Trionfale";"45";"Roma";"DigitRomaWiFi_H24";"en"
"09/09/2020";"09:10:46";"09/09/2020";"09:54:44";"2638";"63351017";"1490931";"REGISTERED";"Municipio VIII";"Circonvallazione";"Ostiense";"191";"Roma";"DigitRomaWiFi";"it"
"09/09/2020";"08:27:24";"09/09/2020";"09:56:12";"5328";"1701839";"521887";"REGISTERED";"Municipio IX";"Via";"del Turismo";"30/32";"Roma";"DigitRomaWiFi";"it"
"09/09/2020";"09:04:37";"09/09/2020";"09:56:17";"3100";"2119579";"44084013";"REGISTERED";"Municipio XI";"Via";"Camillo Montalcini";"1";"Roma";"DigitRomaWiFi";"it"
"09/09/2020";"08:56:05";"09/09/2020";"09:56:39";"3634";"25213496";"2359239";"REGISTERED";"Municipio IX";"Via";"del Turismo";"30/32";"Roma";"DigitRomaWiFi";"it"
"09/09/2020";"09:23:19";"09/09/2020";"09:57:12";"2033";"26731809";"609249";"REGISTERED";"Municipio I";"Via";"della Greca";"5";"Roma";"DigitRomaWiFi";"it"
"09/09/2020";"06:57:09";"09/09/2020";"09:58:03";"10854";"394927955";"11726778";"REGISTERED";"Municipio X";"Via";"Claudio";"1";"Roma";"DigitRomaWiFi";"it"
"09/09/2020";"09:07:09";"09/09/2020";"10:00:54";"3225";"10236321";"1682695";"REGISTERED";"Municipio I";"Via";"Luigi Petroselli";"45";"Roma";"DigitRomaWiFi";"en"
"09/09/2020";"09:42:09";"09/09/2020";"10:01:21";"1152";"4657044";"671187";"REGISTERED";"Municipio I";"Lungotevere";"in Augusta";"11";"Roma";"DigitRomaWiFi";"it"
"09/09/2020";"09:50:01";"09/09/2020";"10:01:42";"701";"52832715";"2356274";"REGISTERED";"Municipio VII";"Piazza";"di Cinecitta";"11";"Roma";"DigitRomaWiFi";"it"
"09/09/2020";"10:02:21";"09/09/2020";"10:06:46";"265";"1657720";"342595";"SPID";"Municipio I";"Circonvallazione";"Trionfale";"19";"Roma";"DigitRomaWiFi";"it"
"09/09/2020";"09:36:14";"09/09/2020";"10:07:48";"1894";"200270379";"7909598";"REGISTERED";"Municipio VIII";"Largo ";"Giovanni da Verrazzano";"7";"Roma";"DigitRomaWiFi";"it"
"09/09/2020";"09:45:25";"09/09/2020";"10:08:50";"1405";"416185752";"5123753";"REGISTERED";"Municipio I";"Piazza";"del Campidoglio";"1";"Roma";"DigitRomaWiFi";"it"
"09/09/2020";"10:01:11";"09/09/2020";"10:11:53";"642";"504767";"110292";"REGISTERED";"Municipio I";"Via";"della Consolazione";"4";"Roma";"DigitRomaWiFi";"it"
"09/09/2020";"10:01:25";"09/09/2020";"10:13:46";"741";"44580749";"1324515";"REGISTERED";"Municipio I";"Via";"4 Novembre";"94";"Roma";"DigitRomaWiFi";"it"
"09/09/2020";"09:21:25";"09/09/2020";"10:14:43";"3198";"50355072";"1565947";"REGISTERED";"Municipio I";"Via";"Luigi Petroselli";"50";"Roma";"DigitRomaWiFi";"it"
"09/09/2020";"09:07:02";"09/09/2020";"10:17:51";"4249";"32541089";"3311390";"REGISTERED";"Municipio VIII";"Circonvallazione";"Ostiense";"191";"Roma";"DigitRomaWiFi";"it"
"09/09/2020";"09:51:07";"09/09/2020";"10:17:58";"1611";"112880634";"3897814";"REGISTERED";"Municipio I";"Piazza";"del Campidoglio";"1";"Roma";"DigitRomaWiFi";"it"
"09/09/2020";"10:12:17";"09/09/2020";"10:18:00";"343";"2738023";"613610";"REGISTERED";"Municipio I";"Piazza";"del Campidoglio";"1";"Roma";"DigitRomaWiFi";"it"
"09/09/2020";"09:58:26";"09/09/2020";"10:18:12";"1186";"12221739";"3156370";"REGISTERED";"Municipio XI";"Via";"Marino Mazzacurati";"73/75";"Roma";"DigitRomaWiFi";"it"
"09/09/2020";"10:04:40";"09/09/2020";"10:18:46";"846";"11412359";"1254680";"REGISTERED";"Municipio I";"Via";"Luigi Petroselli";"50";"Roma";"DigitRomaWiFi";"it"
"09/09/2020";"09:48:09";"09/09/2020";"10:18:49";"1840";"139646862";"8117826";"REGISTERED_MC";"Municipio I";"Via";"delle Tre Pile";"1";"Roma";"Musei_Capitolini";"it"
"09/09/2020";"09:20:12";"09/09/2020";"10:21:49";"3697";"1873230";"711173";"REGISTERED";"Municipio I";"Piazza";"del Campidoglio";"1";"Roma";"DigitRomaWiFi";"it"
"09/09/2020";"09:05:34";"09/09/2020";"10:22:30";"4616";"409554813";"11447189";"SPID";"Municipio IV";"Via";"Fabriano";"59";"Roma";"DigitRomaWiFi";"it"
"09/09/2020";"10:16:28";"09/09/2020";"10:23:10";"402";"9569148";"925286";"REGISTERED";"Municipio IX";"Via";"di Decima";"96/102";"Roma";"DigitRomaWiFi";"it"
"09/09/2020";"07:14:04";"09/09/2020";"10:23:39";"11375";"320391375";"18015648";"REGISTERED";"Municipio I";"Lungotevere";"in Augusta";"11";"Roma";"DigitRomaWiFi";"it"
"09/09/2020";"09:31:05";"09/09/2020";"10:23:42";"3157";"683243226";"10087690";"REGISTERED";"Municipio I";"Piazza";"di Ponte Umberto I";"1";"Roma";"DigitRomaWiFi";"it"
"09/09/2020";"10:19:55";"09/09/2020";"10:23:51";"236";"415182";"136975";"REGISTERED";"Municipio I";"Lungotevere";"in Augusta";"11";"Roma";"DigitRomaWiFi";"it"
"09/09/2020";"10:31:12";"09/09/2020";"10:31:13";"1";"5250";"2775";"REGISTERED";"Municipio XIII";"Via";"Aurelia";"470";"Roma";"DigitRomaWiFi";"it"
"09/09/2020";"10:31:16";"09/09/2020";"10:31:22";"6";"444748";"67113";"REGISTERED";"Municipio XIII";"Via";"Aurelia";"470";"Roma";"DigitRomaWiFi";"it"
"09/09/2020";"10:32:02";"09/09/2020";"10:32:10";"8";"400305";"72551";"REGISTERED";"Municipio XII";"Via";"Fabiola";"14";"Roma";"DigitRomaWiFi";"it"
"09/09/2020";"10:22:42";"09/09/2020";"10:32:53";"611";"1506045";"618323";"REGISTERED";"Municipio I";"Via";"Luigi Petroselli";"50";"Roma";"DigitRomaWiFi";"it"
"09/09/2020";"10:24:53";"09/09/2020";"10:33:00";"487";"65200379";"7186030";"REGISTERED";"Municipio I";"Via";"della Greca";"5";"Roma";"DigitRomaWiFi";"it"
"09/09/2020";"10:30:02";"09/09/2020";"10:38:35";"513";"4289007";"853759";"REGISTERED";"Municipio VIII";"Largo ";"Giovanni da Verrazzano";"7";"Roma";"DigitRomaWiFi";"it"
"09/09/2020";"10:35:25";"09/09/2020";"10:40:07";"282";"5179083";"1413115";"REGISTERED";"Municipio XI";"Via";"Domenico Lupatelli";"2";"Roma";"DigitRomaWiFi";"it"
"09/09/2020";"09:48:04";"09/09/2020";"10:41:12";"3188";"533932985";"19478117";"REGISTERED";"Municipio XIII";"Via";"Ettore Stampini";"38";"Roma";"DigitRomaWiFi";"it"
"09/09/2020";"10:35:02";"09/09/2020";"10:43:38";"516";"3917081";"554234";"REGISTERED";"Municipio I";"Piazza";"del Campidoglio";"1";"Roma";"DigitRomaWiFi";"it"
"09/09/2020";"10:40:31";"09/09/2020";"10:43:41";"190";"1223390";"404551";"REGISTERED";"Municipio XI";"Via";"Domenico Lupatelli";"2";"Roma";"DigitRomaWiFi";"it"
"09/09/2020";"09:28:17";"09/09/2020";"10:44:27";"4570";"14893504";"2494862";"REGISTERED";"Municipio I";"Via";"Luigi Petroselli";"45";"Roma";"DigitRomaWiFi";"it"
"09/09/2020";"10:40:41";"09/09/2020";"10:45:05";"264";"385863";"105633";"REGISTERED";"Municipio IX";"Via";"del Turismo";"30/32";"Roma";"DigitRomaWiFi";"it"
"09/09/2020";"10:33:09";"09/09/2020";"10:48:06";"897";"2356477";"611312";"SPID";"Municipio VIII";"Circonvallazione";"Ostiense";"191";"Roma";"DigitRomaWiFi";"it"
"09/09/2020";"06:55:16";"09/09/2020";"10:51:42";"14186";"70620196";"3850071";"REGISTERED";"Municipio I";"Via";"della Consolazione";"4";"Roma";"DigitRomaWiFi";"it"
"09/09/2020";"10:21:14";"09/09/2020";"10:51:53";"1839";"96273485";"5372494";"REGISTERED_MC";"Municipio I";"Via";"delle Tre Pile";"1";"Roma";"Musei_Capitolini";"it"
"09/09/2020";"10:02:17";"09/09/2020";"10:52:07";"2990";"83717590";"7172897";"REGISTERED";"Municipio VI";"Viale";"Duilio Cambellotti";"11";"Roma";"DigitRomaWiFi";"it"
"09/09/2020";"10:22:11";"09/09/2020";"10:52:28";"1817";"24555766";"2554967";"REGISTERED";"Municipio I";"Piazza";"del Campidoglio";"1";"Roma";"DigitRomaWiFi";"it"
"09/09/2020";"08:56:53";"09/09/2020";"10:53:23";"6990";"983837738";"633685044";"REGISTERED";"Municipio I";"Piazza";"di Campitelli";"7";"Roma";"DigitRomaWiFi";"it"
"09/09/2020";"10:05:45";"09/09/2020";"10:53:42";"2877";"11252748";"3252317";"REGISTERED";"Municipio I";"Via";"dei Cerchi";"6";"Roma";"DigitRomaWiFi";"it"
"09/09/2020";"09:51:48";"09/09/2020";"10:54:30";"3762";"5643755";"1221544";"REGISTERED";"Municipio I";"Via";"Merulana";"123";"Roma";"DigitRomaWiFi";"it"
"09/09/2020";"10:00:49";"09/09/2020";"10:55:28";"3279";"171228659";"3980658";"REGISTERED";"Municipio X";"Via";"Claudio";"1";"Roma";"DigitRomaWiFi";"it"
"09/09/2020";"10:13:27";"09/09/2020";"10:55:29";"2522";"221070445";"6160427";"REGISTERED";"Municipio II";"Via";"Goito";"35";"Roma";"DigitRomaWiFi";"it"
"09/09/2020";"10:54:12";"09/09/2020";"10:56:47";"155";"423046";"65574";"REGISTERED";"Municipio VIII";"Largo";"delle Sette Chiese";"25";"Roma";"DigitRomaWiFi";"it"
"09/09/2020";"10:47:53";"09/09/2020";"10:57:16";"563";"20602639";"2780825";"REGISTERED";"Municipio VI";"Viale";"Duilio Cambellotti";"11";"Roma";"DigitRomaWiFi";"it"
"09/09/2020";"10:31:41";"09/09/2020";"10:59:29";"1668";"7512347";"768395";"REGISTERED";"Municipio XIII";"Via";"Aurelia";"470";"Roma";"DigitRomaWiFi";"it"
"09/09/2020";"06:09:41";"09/09/2020";"10:59:41";"17400";"424099885";"35942806";"REGISTERED_H24";"Municipio I";"Via";"Trionfale";"45";"Roma";"DigitRomaWiFi_H24";"it"
"09/09/2020";"10:32:29";"09/09/2020";"10:59:56";"1647";"11426666";"1461252";"REGISTERED";"Municipio XII";"Via";"Fabiola";"14";"Roma";"DigitRomaWiFi";"it"
"09/09/2020";"09:51:55";"09/09/2020";"11:00:55";"4140";"1057762";"517920";"REGISTERED_H24";"Municipio I";"Via";"Trionfale";"45";"Roma";"DigitRomaWiFi_H24";"it"
"09/09/2020";"10:00:15";"09/09/2020";"11:01:33";"3678";"40873131";"7983018";"REGISTERED";"Municipio I";"Via";"delle Tre Pile";"1";"Roma";"Musei_Capitolini";"it"
"09/09/2020";"10:58:22";"09/09/2020";"11:02:55";"273";"13047941";"704614";"REGISTERED";"Municipio IX";"Via";"del Turismo";"30/32";"Roma";"DigitRomaWiFi";"it"
"09/09/2020";"10:09:52";"09/09/2020";"11:03:35";"3223";"281049055";"7753980";"REGISTERED";"Municipio I";"Piazza";"del Campidoglio";"1";"Roma";"DigitRomaWiFi";"it"
"09/09/2020";"11:05:20";"09/09/2020";"11:05:21";"1";"40842";"6157";"REGISTERED";"Municipio V";"Via";"Torre Annunziata";"1";"Roma";"DigitRomaWiFi";"it"
"09/09/2020";"10:58:40";"09/09/2020";"11:06:22";"462";"8525425";"564952";"REGISTERED";"Municipio XI";"Via";"Cutigliano";"82";"Roma";"DigitRomaWiFi";"it"
"09/09/2020";"11:08:09";"09/09/2020";"11:08:09";"0";"5249";"2928";"REGISTERED";"Municipio I";"Via";"Luigi Petroselli";"45";"Roma";"DigitRomaWiFi";"it"
"09/09/2020";"10:49:40";"09/09/2020";"11:09:14";"1174";"4660518";"876451";"REGISTERED";"Municipio XI";"Via";"Cutigliano";"82";"Roma";"DigitRomaWiFi";"it"
"09/09/2020";"11:03:14";"09/09/2020";"11:09:14";"360";"542931";"221586";"REGISTERED";"Municipio I";"Via";"Luigi Petroselli";"50";"Roma";"DigitRomaWiFi";"it"
"09/09/2020";"11:05:27";"09/09/2020";"11:12:27";"420";"1697162";"283570";"REGISTERED";"Municipio I";"Piazza";"del Campidoglio";"1";"Roma";"DigitRomaWiFi";"it"
"09/09/2020";"10:56:03";"09/09/2020";"11:13:49";"1066";"40440491";"4524771";"REGISTERED_MC";"Municipio I";"Via";"delle Tre Pile";"1";"Roma";"Musei_Capitolini";"it"
"09/09/2020";"10:35:15";"09/09/2020";"11:14:45";"2370";"163302750";"3639588";"SPID";"Municipio XIII";"Via";"Aurelia";"470";"Roma";"DigitRomaWiFi";"it"
"09/09/2020";"11:08:22";"09/09/2020";"11:15:44";"442";"961203";"196042";"REGISTERED";"Municipio XII";"Via";"Fabiola";"14";"Roma";"DigitRomaWiFi";"it"
"09/09/2020";"11:06:10";"09/09/2020";"11:17:00";"650";"21651802";"2699249";"REGISTERED";"Municipio I";"Via";"del Tempio di Giove";"3";"Roma";"DigitRomaWiFi";"it"
"09/09/2020";"10:31:29";"09/09/2020";"11:21:54";"3025";"685347930";"15645260";"REGISTERED";"Municipio I";"Lungotevere";"in Augusta";"11";"Roma";"DigitRomaWiFi";"it"
"09/09/2020";"07:51:44";"09/09/2020";"11:22:01";"12617";"49705315";"4689659";"REGISTERED";"Municipio I";"Via";"della Greca";"5";"Roma";"DigitRomaWiFi";"it"
"09/09/2020";"10:51:33";"09/09/2020";"11:22:11";"1838";"30190235";"9091695";"REGISTERED_MC";"Municipio I";"Via";"delle Tre Pile";"1";"Roma";"Musei_Capitolini";"it"
"09/09/2020";"07:23:19";"09/09/2020";"11:23:19";"14400";"14652635";"54392686";"REGISTERED";"Municipio I";"Via";"della Consolazione";"4";"Roma";"DigitRomaWiFi";"it"
"09/09/2020";"10:18:28";"09/09/2020";"11:24:17";"3949";"50842263";"3616200";"REGISTERED";"Municipio I";"Piazza";"del Campidoglio";"1";"Roma";"DigitRomaWiFi";"it"
"09/09/2020";"10:07:26";"09/09/2020";"11:25:20";"4674";"365006898";"20611712";"REGISTERED";"Municipio I";"Via";"del Tritone";"142";"Roma";"DigitRomaWiFi";"it"
"09/09/2020";"09:53:19";"09/09/2020";"11:27:00";"5621";"64392233";"10540286";"REGISTERED";"Municipio VIII";"Via";"Padre Reginaldo Giuliani";"15";"Roma";"DigitRomaWiFi";"it"
"09/09/2020";"08:47:05";"09/09/2020";"11:32:04";"9899";"1039931870";"275601231";"BIBLIO";"Municipio V";"Via";"del Pigneto";"22";"Roma";"Biblioteche";""
"09/09/2020";"10:13:41";"09/09/2020";"11:32:24";"4723";"9285441";"2176061";"REGISTERED";"Municipio XIII";"Via";"Aurelia";"470";"Roma";"DigitRomaWiFi";"it"
"09/09/2020";"11:27:48";"09/09/2020";"11:34:49";"421";"3050310";"503685";"REGISTERED";"Municipio IV";"Via";"Pollenza";"54";"Roma";"DigitRomaWiFi";"it"
"09/09/2020";"09:13:50";"09/09/2020";"11:35:00";"8470";"3340980";"1120891";"REGISTERED";"Municipio I";"Via";"della Greca";"5";"Roma";"DigitRomaWiFi";"it"
"09/09/2020";"10:38:46";"09/09/2020";"11:36:50";"3484";"3582783";"1295672";"REGISTERED";"Municipio VIII";"Circonvallazione";"Ostiense";"191";"Roma";"DigitRomaWiFi";"it"
"09/09/2020";"10:54:18";"09/09/2020";"11:38:22";"2644";"59717912";"3045490";"REGISTERED";"Municipio IX";"Via";"del Turismo";"30/32";"Roma";"DigitRomaWiFi";"it"
"09/09/2020";"10:58:43";"09/09/2020";"11:39:07";"2424";"2058872";"917926";"REGISTERED";"Municipio I";"Via";"delle Tre Pile";"1";"Roma";"Musei_Capitolini";"it"
"09/09/2020";"11:21:51";"09/09/2020";"11:39:28";"1057";"137581811";"7681238";"REGISTERED";"Municipio XIII";"Via";"Ettore Stampini";"38";"Roma";"DigitRomaWiFi";"it"
"09/09/2020";"11:30:18";"09/09/2020";"11:41:07";"649";"21364259";"1896766";"REGISTERED";"Municipio I";"Via";"del Tritone";"142";"Roma";"DigitRomaWiFi";"it"
"09/09/2020";"10:57:58";"09/09/2020";"11:42:48";"2690";"130727644";"11616880";"REGISTERED";"Municipio V";"Via";"Giorgio Perlasca";"39";"Roma";"DigitRomaWiFi";"it"
"09/09/2020";"09:31:41";"09/09/2020";"11:43:58";"7937";"163510283";"12571007";"REGISTERED";"Municipio VIII";"Via";"Capitan Bavastro";"94";"Roma";"DigitRomaWiFi";"it"
"09/09/2020";"10:03:13";"09/09/2020";"11:44:22";"6069";"210118321";"9156100";"REGISTERED";"Municipio I";"Via";"Luigi Petroselli";"45";"Roma";"DigitRomaWiFi";"en"
"09/09/2020";"11:13:54";"09/09/2020";"11:44:31";"1837";"114309075";"6783175";"REGISTERED_MC";"Municipio I";"Via";"delle Tre Pile";"1";"Roma";"Musei_Capitolini";"it"
"09/09/2020";"11:22:26";"09/09/2020";"11:44:37";"1331";"18022584";"5008955";"SPID";"Municipio VIII";"Circonvallazione";"Ostiense";"191";"Roma";"DigitRomaWiFi";"it"
"09/09/2020";"11:40:06";"09/09/2020";"11:44:55";"289";"916899";"125584";"REGISTERED";"Municipio IX";"Via";"del Turismo";"30/32";"Roma";"DigitRomaWiFi";"it"
"09/09/2020";"11:05:24";"09/09/2020";"11:45:42";"2418";"851387";"236999";"REGISTERED";"Municipio V";"Via";"Torre Annunziata";"1";"Roma";"DigitRomaWiFi";"it"
"09/09/2020";"11:42:38";"09/09/2020";"11:46:01";"203";"391947";"4280153";"REGISTERED";"Municipio XI";"Via";"Domenico Lupatelli";"2";"Roma";"DigitRomaWiFi";"it"
"09/09/2020";"09:27:30";"09/09/2020";"11:47:31";"8401";"25461811";"4576660";"REGISTERED";"Municipio I";"Via";"della Greca";"5";"Roma";"DigitRomaWiFi";"it"
"09/09/2020";"07:47:48";"09/09/2020";"11:47:48";"14400";"403756952";"19158771";"SPID";"Municipio I";"Via";"dei Cerchi";"6";"Roma";"DigitRomaWiFi";"it"
"09/09/2020";"11:09:19";"09/09/2020";"11:48:13";"2334";"53790126";"9769248";"REGISTERED";"Municipio IX";"Via";"Ignazio  Silone";"100";"Roma";"DigitRomaWiFi";"it"
"09/09/2020";"10:29:37";"09/09/2020";"11:50:19";"4842";"7733347";"2033405";"REGISTERED";"Municipio XI";"Via";"Marino Mazzacurati";"73/75";"Roma";"DigitRomaWiFi";"it"
"09/09/2020";"08:28:51";"09/09/2020";"11:53:08";"12257";"421157834";"9215207";"REGISTERED";"Municipio XIII";"Via";"Aurelia";"470";"Roma";"DigitRomaWiFi";"it"
"09/09/2020";"11:39:49";"09/09/2020";"11:54:00";"851";"1169490";"386722";"SPID";"Municipio I";"Via";"Luigi Petroselli";"50";"Roma";"DigitRomaWiFi";"it"
"09/09/2020";"11:25:55";"09/09/2020";"11:54:26";"1711";"6201376";"522924";"REGISTERED";"Municipio I";"Via";"della Greca";"5";"Roma";"DigitRomaWiFi";"it"
"09/09/2020";"09:55:24";"09/09/2020";"11:55:22";"7198";"31377959";"6720329";"SPID";"Municipio IX";"Via";"Ignazio  Silone";"100";"Roma";"DigitRomaWiFi";"it"
"09/09/2020";"11:41:23";"09/09/2020";"11:55:34";"851";"101966720";"6559457";"REGISTERED";"Municipio I";"Via";"Luigi Petroselli";"50";"Roma";"DigitRomaWiFi";"it"
"09/09/2020";"11:25:29";"09/09/2020";"11:56:07";"1838";"45311536";"4342866";"REGISTERED_MC";"Municipio I";"Via";"delle Tre Pile";"1";"Roma";"Musei_Capitolini";"it"
"09/09/2020";"11:08:30";"09/09/2020";"11:57:08";"2918";"136611938";"3683099";"REGISTERED";"Municipio I";"Via";"Luigi Petroselli";"45";"Roma";"DigitRomaWiFi";"it"
"09/09/2020";"11:54:39";"09/09/2020";"11:57:33";"174";"504696";"77475";"REGISTERED";"Municipio I";"Via";"della Consolazione";"4";"Roma";"DigitRomaWiFi";"it"
"09/09/2020";"11:45:03";"09/09/2020";"11:58:17";"794";"6554446";"895678";"REGISTERED";"Municipio I";"Via";"Luigi Petroselli";"45";"Roma";"DigitRomaWiFi";"en"
"09/09/2020";"11:52:38";"09/09/2020";"12:00:38";"480";"15559819";"12896946";"REGISTERED";"Municipio I";"Via";"Luigi Petroselli";"50";"Roma";"DigitRomaWiFi";"en"
"09/09/2020";"08:40:38";"09/09/2020";"12:02:21";"12103";"200382781";"2895703";"REGISTERED";"Municipio XIII";"Via";"Aurelia";"470";"Roma";"DigitRomaWiFi";"it"
"09/09/2020";"11:46:12";"09/09/2020";"12:03:20";"1028";"4142242";"643160";"REGISTERED";"Municipio IX";"Via";"Ignazio  Silone";"100";"Roma";"DigitRomaWiFi";"it"
"09/09/2020";"12:03:20";"09/09/2020";"12:03:21";"1";"5303";"2812";"REGISTERED";"Municipio V";"Via";"Giorgio Perlasca";"39";"Roma";"DigitRomaWiFi";"it"
"09/09/2020";"11:23:35";"09/09/2020";"12:05:19";"2504";"47136901";"8414920";"REGISTERED";"Municipio VI";"Viale";"Duilio Cambellotti";"11";"Roma";"DigitRomaWiFi";"it"
"09/09/2020";"10:51:11";"09/09/2020";"12:07:49";"4598";"65194361";"8760926";"REGISTERED";"Municipio I";"Piazza";"Sant'Egidio";"1/B";"Roma";"DigitRomaWiFi";"es"
"09/09/2020";"09:52:13";"09/09/2020";"12:11:14";"8341";"32617537";"8324337";"REGISTERED";"Municipio XI";"Via";"Portuense";"579";"Roma";"DigitRomaWiFi";"it"
"09/09/2020";"12:03:24";"09/09/2020";"12:11:55";"511";"2203632";"334945";"REGISTERED";"Municipio V";"Via";"Giorgio Perlasca";"39";"Roma";"DigitRomaWiFi";"it"
"09/09/2020";"08:50:50";"09/09/2020";"12:12:42";"12112";"525832635";"10221059";"REGISTERED";"Municipio VI";"Viale";"Duilio Cambellotti";"11";"Roma";"DigitRomaWiFi";"it"
"09/09/2020";"10:59:20";"09/09/2020";"12:13:54";"4474";"227464874";"15913018";"REGISTERED";"Municipio IX";"Viale";"della Previdenza Sociale";"20";"Roma";"Biblioteche";"it"
"09/09/2020";"12:00:51";"09/09/2020";"12:13:57";"786";"1019652";"192675";"REGISTERED";"Municipio I";"Via";"Luigi Petroselli";"45";"Roma";"DigitRomaWiFi";"en"
"09/09/2020";"11:59:57";"09/09/2020";"12:16:06";"969";"1170032";"515043";"REGISTERED";"Municipio VIII";"Circonvallazione";"Ostiense";"191";"Roma";"DigitRomaWiFi";"it"
"09/09/2020";"08:16:24";"09/09/2020";"12:16:24";"14400";"408134087";"13537222";"REGISTERED";"Municipio I";"Via";"del Tempio di Giove";"3";"Roma";"DigitRomaWiFi";"it"
"09/09/2020";"12:12:21";"09/09/2020";"12:16:25";"244";"11705926";"1957977";"REGISTERED";"Municipio V";"Via";"Torre Annunziata";"1";"Roma";"DigitRomaWiFi";"it"
"09/09/2020";"11:47:45";"09/09/2020";"12:18:21";"1836";"71188765";"5838161";"REGISTERED_MC";"Municipio I";"Via";"delle Tre Pile";"1";"Roma";"Musei_Capitolini";"it"
"09/09/2020";"12:16:19";"09/09/2020";"12:20:54";"275";"2522081";"378488";"REGISTERED";"Municipio I";"Via";"Luigi Petroselli";"50";"Roma";"DigitRomaWiFi";"it"
"09/09/2020";"08:22:46";"09/09/2020";"12:22:46";"14400";"4870613";"2791975";"REGISTERED";"Municipio XI";"Via";"Portuense";"579";"Roma";"DigitRomaWiFi";"it"
"09/09/2020";"11:45:28";"09/09/2020";"12:23:10";"2262";"697380";"219079";"REGISTERED";"Municipio IX";"Via";"del Turismo";"30/32";"Roma";"DigitRomaWiFi";"it"
"09/09/2020";"11:35:25";"09/09/2020";"12:25:26";"3001";"27815048";"6423821";"REGISTERED";"Municipio I";"Via";"del Tritone";"142";"Roma";"DigitRomaWiFi";"it"
"09/09/2020";"12:24:30";"09/09/2020";"12:27:34";"184";"1557741";"142742";"REGISTERED";"Municipio I";"Via";"Luigi Petroselli";"50";"Roma";"DigitRomaWiFi";"it"
"09/09/2020";"12:15:46";"09/09/2020";"12:27:49";"723";"6111466";"703853";"REGISTERED";"Municipio I";"Via";"Luigi Petroselli";"45";"Roma";"DigitRomaWiFi";"en"
"09/09/2020";"08:28:22";"09/09/2020";"12:28:22";"14400";"98626583";"7983187";"REGISTERED";"Municipio I";"Via";"Luigi Petroselli";"50";"Roma";"DigitRomaWiFi";"it"
"09/09/2020";"12:17:43";"09/09/2020";"12:29:24";"701";"22347847";"2100891";"REGISTERED";"Municipio VI";"Viale";"Duilio Cambellotti";"11";"Roma";"DigitRomaWiFi";"it"
"09/09/2020";"11:22:34";"09/09/2020";"12:30:45";"4091";"75219933";"4882139";"REGISTERED";"Municipio II";"Via";"Goito";"35";"Roma";"DigitRomaWiFi";"it"
"09/09/2020";"11:19:51";"09/09/2020";"12:32:54";"4383";"56434434";"4340606";"REGISTERED";"Municipio I";"Piazza";"del Campidoglio";"1";"Roma";"DigitRomaWiFi";"it"
"09/09/2020";"12:00:45";"09/09/2020";"12:32:59";"1934";"255268993";"11562722";"REGISTERED";"Municipio XIII";"Via";"Ettore Stampini";"38";"Roma";"DigitRomaWiFi";"it"
"09/09/2020";"12:29:03";"09/09/2020";"12:34:23";"320";"2847516";"238334";"REGISTERED";"Municipio I";"Piazza";"Di Porta Metronia";"2";"Roma";"DigitRomaWiFi";"it"
"09/09/2020";"10:59:07";"09/09/2020";"12:40:52";"6105";"502665276";"18716564";"REGISTERED";"Municipio VIII";"Circonvallazione";"Ostiense";"191";"Roma";"DigitRomaWiFi";"it"
"09/09/2020";"11:25:33";"09/09/2020";"12:41:09";"4536";"9173026";"1515295";"REGISTERED";"Municipio VIII";"Largo ";"Giovanni da Verrazzano";"7";"Roma";"DigitRomaWiFi";"it"
"09/09/2020";"12:28:07";"09/09/2020";"12:41:17";"790";"521588025";"9414799";"REGISTERED";"Municipio IX";"Via";"del Turismo";"30/32";"Roma";"DigitRomaWiFi";"it"
"09/09/2020";"12:38:15";"09/09/2020";"12:41:24";"189";"547805";"195051";"REGISTERED";"Municipio I";"Piazza";"Di Porta Metronia";"2";"Roma";"DigitRomaWiFi";"it"
"09/09/2020";"12:12:01";"09/09/2020";"12:42:39";"1838";"8126972";"4389430";"REGISTERED_MC";"Municipio I";"Via";"delle Tre Pile";"1";"Roma";"Musei_Capitolini";"it"
"09/09/2020";"12:43:02";"09/09/2020";"12:43:02";"0";"5702";"1660";"REGISTERED";"Municipio VI";"Viale";"Duilio Cambellotti";"11";"Roma";"DigitRomaWiFi";"it"
"09/09/2020";"12:24:26";"09/09/2020";"12:43:16";"1130";"6572442";"374744";"REGISTERED";"Municipio IX";"Via";"del Turismo";"30/32";"Roma";"DigitRomaWiFi";"it"
"09/09/2020";"12:43:51";"09/09/2020";"12:43:52";"1";"33565";"10992";"REGISTERED";"Municipio VI";"Viale";"Duilio Cambellotti";"11";"Roma";"DigitRomaWiFi";"it"
"09/09/2020";"12:40:07";"09/09/2020";"12:45:11";"304";"1768992";"231477";"REGISTERED";"Municipio I";"Piazza";"del Campidoglio";"1";"Roma";"DigitRomaWiFi";"it"
"09/09/2020";"12:25:34";"09/09/2020";"12:45:29";"1195";"4325056";"436810";"REGISTERED";"Municipio I";"Via";"della Consolazione";"4";"Roma";"DigitRomaWiFi";"it"
"09/09/2020";"12:35:18";"09/09/2020";"12:46:42";"684";"58474094";"1444643";"REGISTERED";"Municipio I";"Via";"Luigi Petroselli";"50";"Roma";"DigitRomaWiFi";"it"
"09/09/2020";"09:17:35";"09/09/2020";"12:48:25";"12650";"719874390";"451037646";"REGISTERED";"Municipio I";"Via";"dei Cerchi";"6";"Roma";"DigitRomaWiFi";"en"
"09/09/2020";"12:18:19";"09/09/2020";"12:49:37";"1878";"27996214";"8784087";"REGISTERED";"Municipio VIII";"Circonvallazione";"Ostiense";"191";"Roma";"DigitRomaWiFi";"it"
"09/09/2020";"09:14:30";"09/09/2020";"12:50:29";"12959";"107564257";"9183442";"REGISTERED";"Municipio I";"Via";"dei Cerchi";"6";"Roma";"DigitRomaWiFi";"it"
"09/09/2020";"12:54:49";"09/09/2020";"12:54:50";"1";"5303";"1054";"REGISTERED";"Municipio I";"Via";"Luigi Petroselli";"45";"Roma";"DigitRomaWiFi";"it"
"09/09/2020";"12:38:02";"09/09/2020";"12:56:23";"1101";"39840210";"1347816";"REGISTERED";"Municipio I";"Piazza";"del Campidoglio";"1";"Roma";"DigitRomaWiFi";"it"
"09/09/2020";"12:40:06";"09/09/2020";"12:56:48";"1002";"129626304";"6205949";"REGISTERED";"Municipio XIII";"Via";"Ettore Stampini";"38";"Roma";"DigitRomaWiFi";"it"
"09/09/2020";"12:40:14";"09/09/2020";"12:58:16";"1082";"63552465";"2487885";"REGISTERED";"Municipio I";"Via";"Luigi Petroselli";"50";"Roma";"DigitRomaWiFi";"it"
"09/09/2020";"12:31:03";"09/09/2020";"12:58:30";"1647";"139252946";"6166835";"REGISTERED";"Municipio IX";"Via";"Ignazio  Silone";"100";"Roma";"DigitRomaWiFi";"it"
"09/09/2020";"12:27:59";"09/09/2020";"12:58:38";"1839";"42909231";"4268808";"REGISTERED_MC";"Municipio I";"Via";"delle Tre Pile";"1";"Roma";"Musei_Capitolini";"it"
"09/09/2020";"12:58:59";"09/09/2020";"12:59:00";"1";"5251";"2980";"REGISTERED";"Municipio XIII";"Via";"Aurelia";"470";"Roma";"DigitRomaWiFi";"it"
"09/09/2020";"12:59:13";"09/09/2020";"12:59:13";"0";"8917";"6106";"REGISTERED";"Municipio XIII";"Via";"Aurelia";"470";"Roma";"DigitRomaWiFi";"it"
"09/09/2020";"12:53:50";"09/09/2020";"12:59:26";"336";"438073";"66253";"REGISTERED";"Municipio I";"Via";"della Consolazione";"4";"Roma";"DigitRomaWiFi";"it"
"09/09/2020";"12:59:34";"09/09/2020";"12:59:34";"0";"17712";"3533";"REGISTERED";"Municipio XIII";"Via";"Aurelia";"470";"Roma";"DigitRomaWiFi";"it"
"09/09/2020";"12:21:38";"09/09/2020";"12:59:57";"2299";"3851686";"641353";"REGISTERED";"Municipio XII";"Via";"Fabiola";"14";"Roma";"DigitRomaWiFi";"it"
"09/09/2020";"12:38:39";"09/09/2020";"13:01:47";"1388";"34409651";"2489776";"REGISTERED";"Municipio I";"Via";"Luigi Petroselli";"50";"Roma";"DigitRomaWiFi";"it"
"09/09/2020";"11:51:41";"09/09/2020";"13:03:29";"4308";"134756013";"6566528";"REGISTERED";"Municipio I";"Via";"della Consolazione";"4";"Roma";"DigitRomaWiFi";"it"
"09/09/2020";"12:59:55";"09/09/2020";"13:04:03";"248";"425984";"66350";"REGISTERED";"Municipio XIII";"Via";"Aurelia";"470";"Roma";"DigitRomaWiFi";"it"
"09/09/2020";"13:04:53";"09/09/2020";"13:04:54";"1";"5355";"1326";"REGISTERED";"Municipio XIII";"Via";"Aurelia";"470";"Roma";"DigitRomaWiFi";"it"
"09/09/2020";"13:03:07";"09/09/2020";"13:05:15";"128";"620593";"78395";"REGISTERED";"Municipio I";"Via";"Luigi Petroselli";"50";"Roma";"DigitRomaWiFi";"it"
"09/09/2020";"11:30:18";"09/09/2020";"11:32:04";"106";"28718240";"1785005";"BIBLIO";"Municipio V";"Via";"del Pigneto";"22";"Roma";"Biblioteche";""
"09/09/2020";"13:05:21";"09/09/2020";"13:05:21";"0";"5303";"1170";"REGISTERED";"Municipio XIII";"Via";"Aurelia";"470";"Roma";"DigitRomaWiFi";"it"
"09/09/2020";"13:02:25";"09/09/2020";"13:05:32";"187";"171653";"76668";"REGISTERED";"Municipio I";"Via";"Luigi Petroselli";"50";"Roma";"DigitRomaWiFi";"it"
"09/09/2020";"09:03:50";"09/09/2020";"13:07:18";"14608";"1922731230";"332824371";"REGISTERED";"Municipio I";"Piazza";"del Campidoglio";"1";"Roma";"DigitRomaWiFi";"it"
"09/09/2020";"13:02:00";"09/09/2020";"13:07:40";"340";"1189692";"177604";"REGISTERED";"Municipio I";"Piazza";"del Campidoglio";"1";"Roma";"DigitRomaWiFi";"it"
"09/09/2020";"09:08:53";"09/09/2020";"13:08:53";"14400";"74027945";"5385571";"REGISTERED";"Municipio VI";"Viale";"Duilio Cambellotti";"11";"Roma";"DigitRomaWiFi";"it"
"09/09/2020";"12:26:44";"09/09/2020";"13:09:12";"2548";"244386559";"8738781";"REGISTERED";"Municipio XIII";"Via";"Aurelia";"470";"Roma";"DigitRomaWiFi";"it"
"09/09/2020";"10:17:25";"09/09/2020";"13:09:40";"10335";"2329989865";"41681501";"REGISTERED";"Municipio VIII";"Via";"Capitan Bavastro";"94";"Roma";"DigitRomaWiFi";"it"
"09/09/2020";"09:23:15";"09/09/2020";"13:10:11";"13616";"911891827";"37006507";"REGISTERED";"Municipio VIII";"Via";"Ostiense";"106";"Roma";"DigitRomaWiFi";"it"
"09/09/2020";"12:43:41";"09/09/2020";"13:19:25";"2144";"381835195";"785433849";"REGISTERED";"Municipio I";"Via";"del Tritone";"142";"Roma";"DigitRomaWiFi";"it"
"09/09/2020";"13:15:18";"09/09/2020";"13:20:31";"313";"10114839";"86009082";"REGISTERED";"Municipio I";"Viale";"dell'Uccelliera";"1";"Roma";"DigitRomaWiFi";"en"
"09/09/2020";"13:08:59";"09/09/2020";"13:21:08";"729";"16043796";"1255940";"REGISTERED";"Municipio I";"Via";"4 Novembre";"94";"Roma";"DigitRomaWiFi";"it"
"09/09/2020";"09:55:42";"09/09/2020";"13:21:41";"12359";"1377870626";"616653988";"REGISTERED";"Municipio I";"Piazza";"di Campitelli";"7";"Roma";"DigitRomaWiFi";"it"
"09/09/2020";"12:43:55";"09/09/2020";"13:22:01";"2286";"167341083";"3340050";"REGISTERED";"Municipio VI";"Viale";"Duilio Cambellotti";"11";"Roma";"DigitRomaWiFi";"it"
"09/09/2020";"13:22:18";"09/09/2020";"13:22:19";"1";"385860";"25529";"REGISTERED";"Municipio I";"Via";"Luigi Petroselli";"50";"Roma";"DigitRomaWiFi";"it"
"09/09/2020";"13:05:30";"09/09/2020";"13:23:21";"1071";"3341491";"137858297";"REGISTERED";"Municipio XIII";"Via";"Aurelia";"470";"Roma";"DigitRomaWiFi";"it"
"09/09/2020";"13:20:18";"09/09/2020";"13:24:08";"230";"535294";"103687";"REGISTERED";"Municipio I";"Via";"della Consolazione";"4";"Roma";"DigitRomaWiFi";"it"
"09/09/2020";"09:19:39";"09/09/2020";"13:24:47";"14708";"164316775";"21280195";"REGISTERED";"Municipio IX";"Viale";"della Previdenza Sociale";"20";"Roma";"DigitRomaWiFi";"it"
"09/09/2020";"09:25:22";"09/09/2020";"13:25:22";"14400";"71875063";"6248297";"REGISTERED";"Municipio VI";"Viale";"Duilio Cambellotti";"11";"Roma";"DigitRomaWiFi";"it"
"09/09/2020";"13:26:27";"09/09/2020";"13:26:28";"1";"5303";"2864";"REGISTERED";"Municipio V";"Via";"Torre Annunziata";"1";"Roma";"DigitRomaWiFi";"it"
"09/09/2020";"13:22:52";"09/09/2020";"13:26:33";"221";"695331";"19461065";"REGISTERED";"Municipio I";"Viale";"dell'Uccelliera";"1";"Roma";"DigitRomaWiFi";"en"
"09/09/2020";"13:22:44";"09/09/2020";"13:27:17";"273";"8526733";"572326";"REGISTERED";"Municipio I";"Via";"Luigi Petroselli";"50";"Roma";"DigitRomaWiFi";"it"
"09/09/2020";"09:28:14";"09/09/2020";"13:28:14";"14400";"5022216";"1327714";"REGISTERED";"Municipio IV";"Via";"di San Romano";"14/A";"Roma";"DigitRomaWiFi";"it"
"09/09/2020";"13:17:55";"09/09/2020";"13:29:43";"708";"47273123";"2786899";"REGISTERED";"Municipio VIII";"Largo ";"Giovanni da Verrazzano";"7";"Roma";"DigitRomaWiFi";"it"
"09/09/2020";"12:37:38";"09/09/2020";"13:30:00";"3142";"229648725";"9485945";"REGISTERED";"Municipio I";"Via";"Luigi Petroselli";"50";"Roma";"DigitRomaWiFi";"en"
"09/09/2020";"11:55:18";"09/09/2020";"13:30:14";"5696";"374559208";"23212380";"REGISTERED";"Municipio VIII";"Circonvallazione";"Ostiense";"191";"Roma";"DigitRomaWiFi";"it"
"09/09/2020";"09:42:59";"09/09/2020";"13:31:38";"13719";"110031756";"9569001";"REGISTERED";"Municipio VIII";"Largo ";"Giovanni da Verrazzano";"7";"Roma";"DigitRomaWiFi";"it"
"09/09/2020";"11:52:12";"09/09/2020";"13:34:40";"6148";"10962265";"877543";"REGISTERED";"Municipio I";"Via";"della Greca";"5";"Roma";"DigitRomaWiFi";"it"
"09/09/2020";"13:16:16";"09/09/2020";"13:34:50";"1114";"59009084";"2398589";"REGISTERED";"Municipio I";"Piazza";"del Campidoglio";"1";"Roma";"DigitRomaWiFi";"it"
"09/09/2020";"12:10:46";"09/09/2020";"13:35:03";"5057";"519813965";"29465301";"REGISTERED";"Municipio XII";"Via";"Fabiola";"14";"Roma";"DigitRomaWiFi";"it"
"09/09/2020";"10:41:17";"09/09/2020";"13:39:21";"10684";"275282133";"70248949";"REGISTERED";"Municipio VIII";"Via";"Capitan Bavastro";"94";"Roma";"DigitRomaWiFi";"it"
"09/09/2020";"13:02:17";"09/09/2020";"13:40:16";"2279";"174548339";"13551197";"REGISTERED";"Municipio VI";"Viale";"Duilio Cambellotti";"11";"Roma";"DigitRomaWiFi";"it"
"09/09/2020";"12:08:19";"09/09/2020";"13:43:33";"5714";"49466361";"8470027";"REGISTERED";"Municipio I";"Piazza";"del Campidoglio";"1";"Roma";"DigitRomaWiFi";"it"
"09/09/2020";"13:15:05";"09/09/2020";"13:44:28";"1763";"4474554";"1344612";"REGISTERED_MC";"Municipio I";"Via";"delle Tre Pile";"1";"Roma";"Musei_Capitolini";"it"
"09/09/2020";"13:30:09";"09/09/2020";"13:45:11";"902";"35488846";"2065602";"REGISTERED";"Municipio I";"Via";"della Consolazione";"4";"Roma";"DigitRomaWiFi";"it"
"09/09/2020";"13:43:16";"09/09/2020";"13:45:24";"128";"1212801";"90219";"REGISTERED";"Municipio XI";"Via";"Marino Mazzacurati";"73/75";"Roma";"DigitRomaWiFi";"it"
"09/09/2020";"13:03:03";"09/09/2020";"13:45:35";"2552";"32763732";"5141248";"REGISTERED";"Municipio VIII";"Circonvallazione";"Ostiense";"191";"Roma";"DigitRomaWiFi";"it"
"09/09/2020";"13:45:53";"09/09/2020";"13:45:54";"1";"18100";"12828";"REGISTERED";"Municipio I";"Via";"dei Cerchi";"6";"Roma";"DigitRomaWiFi";"it"
"09/09/2020";"13:21:43";"09/09/2020";"13:48:44";"1621";"184111732";"6751280";"SPID";"Municipio I";"Largo";"Ascianghi";"4";"Roma";"DigitRomaWiFi";"it"
"09/09/2020";"12:24:31";"09/09/2020";"13:50:37";"5166";"501461700";"71474244";"REGISTERED";"Municipio I";"Piazza";"di Ponte Umberto I";"1";"Roma";"DigitRomaWiFi";"it"
"09/09/2020";"13:01:36";"09/09/2020";"13:51:32";"2996";"8851234";"12284963";"BIBLIO";"Municipio V";"Via";"del Pigneto";"22";"Roma";"Biblioteche";""
"09/09/2020";"12:37:16";"09/09/2020";"13:52:18";"4502";"187854031";"10454689";"REGISTERED";"Municipio VIII";"Largo";"delle Sette Chiese";"25";"Roma";"DigitRomaWiFi";"it"
"09/09/2020";"13:53:29";"09/09/2020";"13:53:30";"1";"67790";"8997";"REGISTERED";"Municipio I";"Via";"Luigi Petroselli";"45";"Roma";"DigitRomaWiFi";"it"
"09/09/2020";"13:30:54";"09/09/2020";"13:54:31";"1417";"1463769";"754733";"REGISTERED";"Municipio I";"Piazza";"di Campitelli";"7";"Roma";"DigitRomaWiFi";"it"
"09/09/2020";"10:10:36";"09/09/2020";"13:55:28";"13492";"1228159112";"15905211";"REGISTERED";"Municipio VIII";"Via";"Capitan Bavastro";"94";"Roma";"DigitRomaWiFi";"it"
"09/09/2020";"13:36:46";"09/09/2020";"13:55:52";"1146";"1382019";"274223";"REGISTERED";"Municipio I";"Piazza";"del Campidoglio";"1";"Roma";"DigitRomaWiFi";"it"
"09/09/2020";"13:06:45";"09/09/2020";"13:59:11";"3146";"40577017";"3010807";"REGISTERED";"Municipio XII";"Via";"Fabiola";"14";"Roma";"DigitRomaWiFi";"it"
"09/09/2020";"13:44:32";"09/09/2020";"14:00:42";"970";"70619371";"5299915";"REGISTERED_MC";"Municipio I";"Via";"delle Tre Pile";"1";"Roma";"Musei_Capitolini";"it"
"09/09/2020";"11:57:03";"09/09/2020";"14:03:10";"7567";"123721060";"15226879";"SPID";"Municipio VIII";"Circonvallazione";"Ostiense";"191";"Roma";"DigitRomaWiFi";"it"
"09/09/2020";"13:33:45";"09/09/2020";"14:03:39";"1794";"194818493";"4450886";"REGISTERED";"Municipio I";"Piazza";"del Campidoglio";"1";"Roma";"DigitRomaWiFi";"it"
"09/09/2020";"13:26:31";"09/09/2020";"14:04:48";"2297";"3778200";"945406";"REGISTERED";"Municipio V";"Via";"Torre Annunziata";"1";"Roma";"DigitRomaWiFi";"it"
"09/09/2020";"10:05:15";"09/09/2020";"14:05:15";"14400";"17880265";"1477102";"REGISTERED";"Municipio VIII";"Largo ";"Giovanni da Verrazzano";"7";"Roma";"DigitRomaWiFi";"it"
"09/09/2020";"12:12:25";"09/09/2020";"14:06:28";"6843";"13906043";"1307996";"REGISTERED";"Municipio I";"Via";"della Greca";"5";"Roma";"DigitRomaWiFi";"it"
"09/09/2020";"13:30:01";"09/09/2020";"14:06:30";"2189";"109514582";"3586073";"REGISTERED";"Municipio I";"Via";"4 Novembre";"94";"Roma";"DigitRomaWiFi";"it"
"09/09/2020";"14:06:56";"09/09/2020";"14:06:58";"2";"392462";"40989";"REGISTERED";"Municipio I";"Via";"della Consolazione";"4";"Roma";"DigitRomaWiFi";"it"
"09/09/2020";"10:07:25";"09/09/2020";"14:07:25";"14400";"448376239";"7282953";"REGISTERED";"Municipio I";"Via";"della Greca";"5";"Roma";"DigitRomaWiFi";"it"
"09/09/2020";"13:59:18";"09/09/2020";"14:07:51";"513";"19385795";"858483";"REGISTERED";"Municipio I";"Piazza";"del Campidoglio";"1";"Roma";"DigitRomaWiFi";"it"
"09/09/2020";"13:40:30";"09/09/2020";"14:08:16";"1666";"21405342";"921456";"REGISTERED";"Municipio I";"Via";"del Tempio di Giove";"3";"Roma";"DigitRomaWiFi";"it"
"09/09/2020";"14:03:32";"09/09/2020";"14:11:24";"472";"5855993";"655398";"REGISTERED";"Municipio VIII";"Circonvallazione";"Ostiense";"191";"Roma";"DigitRomaWiFi";"it"
"09/09/2020";"14:10:54";"09/09/2020";"14:13:13";"139";"40704607";"686498";"REGISTERED";"Municipio I";"Via";"Luigi Petroselli";"45";"Roma";"DigitRomaWiFi";"it"
"09/09/2020";"12:24:57";"09/09/2020";"14:14:14";"6557";"95895075";"6798413";"REGISTERED";"Municipio VIII";"Via";"Capitan Bavastro";"94";"Roma";"DigitRomaWiFi";"it"
"09/09/2020";"10:18:26";"09/09/2020";"14:18:26";"14400";"98024681";"14503980";"REGISTERED";"Municipio VI";"Viale";"Duilio Cambellotti";"11";"Roma";"DigitRomaWiFi";"it"
"09/09/2020";"13:42:51";"09/09/2020";"14:19:11";"2180";"215533994";"4879291";"REGISTERED";"Municipio VIII";"Via";"Capitan Bavastro";"94";"Roma";"DigitRomaWiFi";"it"
"09/09/2020";"12:30:37";"09/09/2020";"14:19:25";"6528";"20404297";"8663997";"REGISTERED";"Municipio I";"Via";"della Greca";"5";"Roma";"DigitRomaWiFi";"it"
"09/09/2020";"13:38:54";"09/09/2020";"14:20:30";"2496";"272490405";"9560362";"REGISTERED";"Municipio I";"Via";"dei Cerchi";"6";"Roma";"DigitRomaWiFi";"en"
"09/09/2020";"10:22:12";"09/09/2020";"14:22:12";"14400";"152290396";"4837873";"REGISTERED";"Municipio X";"Via";"del Martin Pescatore";"66";"Roma";"DigitRomaWiFi";"it"
"09/09/2020";"11:34:00";"09/09/2020";"14:22:59";"10139";"58220086";"53832143";"REGISTERED";"Municipio I";"Via";"della Greca";"5";"Roma";"DigitRomaWiFi";"it"
"09/09/2020";"13:32:34";"09/09/2020";"14:22:59";"3025";"21554755";"4589446";"REGISTERED";"Municipio I";"Via";"Luigi Petroselli";"50";"Roma";"DigitRomaWiFi";"en"
"09/09/2020";"12:52:05";"09/09/2020";"14:23:43";"5498";"51196889";"419563064";"REGISTERED";"Municipio VI";"Viale";"Duilio Cambellotti";"11";"Roma";"DigitRomaWiFi";"it"
"09/09/2020";"11:34:25";"09/09/2020";"14:25:25";"10260";"26931221";"3789649";"REGISTERED";"Municipio IX";"Via";"Ignazio  Silone";"100";"Roma";"DigitRomaWiFi";"it"
"09/09/2020";"12:39:59";"09/09/2020";"14:27:29";"6450";"12913249";"3801910";"REGISTERED";"Municipio I";"Piazza";"del Campidoglio";"1";"Roma";"DigitRomaWiFi";"it"
"09/09/2020";"11:47:22";"09/09/2020";"14:28:00";"9638";"1763338";"724341";"REGISTERED";"Municipio XI";"Via";"Domenico Lupatelli";"2";"Roma";"DigitRomaWiFi";"it"
"09/09/2020";"14:00:47";"09/09/2020";"14:31:27";"1840";"229037811";"7499960";"REGISTERED_MC";"Municipio I";"Via";"delle Tre Pile";"1";"Roma";"Musei_Capitolini";"it"
"09/09/2020";"14:18:12";"09/09/2020";"14:32:04";"832";"2276515";"803301";"REGISTERED";"Municipio I";"Via";"Luigi Petroselli";"45";"Roma";"DigitRomaWiFi";"en"
"09/09/2020";"13:30:40";"09/09/2020";"14:32:45";"3725";"41150829";"1813240";"REGISTERED";"Municipio IX";"Viale";"della Previdenza Sociale";"20";"Roma";"DigitRomaWiFi";"it"
"09/09/2020";"14:02:54";"09/09/2020";"14:33:22";"1828";"147051412";"7034529";"REGISTERED";"Municipio I";"Via";"della Consolazione";"4";"Roma";"DigitRomaWiFi";"it"
"09/09/2020";"13:03:59";"09/09/2020";"14:33:28";"5369";"1118424216";"2174605902";"REGISTERED";"Municipio I";"Via";"Luigi Petroselli";"45";"Roma";"DigitRomaWiFi";"it"
"09/09/2020";"12:57:19";"09/09/2020";"14:33:43";"5784";"194713534";"32883236";"REGISTERED";"Municipio XI";"Via";"Portuense";"579";"Roma";"DigitRomaWiFi";"it"
"09/09/2020";"10:48:56";"09/09/2020";"14:35:08";"13572";"40696453";"21664435";"REGISTERED";"Municipio I";"Piazza";"di Campitelli";"7";"Roma";"DigitRomaWiFi";"it"
"09/09/2020";"14:24:50";"09/09/2020";"14:36:31";"701";"4633052";"820551";"REGISTERED";"Municipio I";"Via";"Luigi Petroselli";"50";"Roma";"DigitRomaWiFi";"it"
"09/09/2020";"14:31:50";"09/09/2020";"14:40:56";"546";"3012846";"378667";"REGISTERED";"Municipio I";"Via";"Luigi Petroselli";"50";"Roma";"DigitRomaWiFi";"it"
"09/09/2020";"13:11:04";"09/09/2020";"14:44:18";"5594";"20530580";"2843651";"REGISTERED";"Municipio I";"Piazza";"Orazio Giustiniani";"4";"Roma";"DigitRomaWiFi";"en"
"09/09/2020";"14:13:59";"09/09/2020";"14:44:35";"1836";"87100569";"3442414";"REGISTERED_MC";"Municipio I";"Via";"delle Tre Pile";"1";"Roma";"Musei_Capitolini";"it"
"09/09/2020";"14:33:54";"09/09/2020";"14:45:15";"681";"19570137";"1283340";"REGISTERED";"Municipio I";"Via";"Luigi Petroselli";"50";"Roma";"DigitRomaWiFi";"it"
"09/09/2020";"14:34:02";"09/09/2020";"14:46:18";"736";"5695413";"1613361";"REGISTERED";"Municipio I";"Via";"Luigi Petroselli";"50";"Roma";"DigitRomaWiFi";"en"
"09/09/2020";"14:20:54";"09/09/2020";"14:48:50";"1676";"569758739";"2895237";"REGISTERED_H24";"Municipio I";"Via";"di Monte Tarpeo";"41";"Roma";"DigitRomaWiFi_H24";"it"
"09/09/2020";"14:12:07";"09/09/2020";"14:50:11";"2284";"120177451";"4979604";"REGISTERED";"Municipio I";"Piazza";"del Campidoglio";"1";"Roma";"DigitRomaWiFi";"it"
"09/09/2020";"12:27:47";"09/09/2020";"14:50:50";"8583";"500029265";"18950806";"REGISTERED";"Municipio I";"Piazza";"del Campidoglio";"1";"Roma";"DigitRomaWiFi";"it"
"09/09/2020";"12:08:41";"09/09/2020";"14:52:03";"9802";"240216891";"34666428";"REGISTERED";"Municipio I";"Piazza";"Sant'Egidio";"1/B";"Roma";"DigitRomaWiFi";"es"
"09/09/2020";"13:04:29";"09/09/2020";"14:52:37";"6488";"1480992411";"37142079";"REGISTERED";"Municipio X";"Via";"del Martin Pescatore";"66";"Roma";"DigitRomaWiFi";"it"
"09/09/2020";"14:11:15";"09/09/2020";"14:52:42";"2487";"11572849";"4407042";"SPID";"Municipio XIII";"Via";"Aurelia";"470";"Roma";"DigitRomaWiFi";"it"
"09/09/2020";"13:13:05";"09/09/2020";"14:54:38";"6093";"338461777";"19273865";"REGISTERED";"Municipio I";"Piazza";"del Campidoglio";"1";"Roma";"DigitRomaWiFi";"it"
"09/09/2020";"12:19:55";"09/09/2020";"14:55:48";"9353";"971335";"1276983";"REGISTERED";"Municipio IX";"Via";"Ignazio  Silone";"100";"Roma";"DigitRomaWiFi";"it"
"09/09/2020";"14:13:50";"09/09/2020";"14:56:30";"2560";"322384584";"232269110";"REGISTERED";"Municipio VIII";"Largo ";"Giovanni da Verrazzano";"7";"Roma";"DigitRomaWiFi";"it"
"09/09/2020";"14:46:57";"09/09/2020";"14:58:15";"678";"42654488";"2693998";"REGISTERED_MC";"Municipio I";"Piazza";"del Campidoglio";"1";"Roma";"DigitRomaWiFi";"it"
"09/09/2020";"14:34:05";"09/09/2020";"15:00:02";"1557";"12945016";"1498629";"REGISTERED";"Municipio XV";"Via";"Cassia";"472";"Roma";"DigitRomaWiFi";"it"
"09/09/2020";"14:44:30";"09/09/2020";"15:04:27";"1197";"45698949";"1258397";"REGISTERED";"Municipio I";"Via";"dei Cerchi";"6";"Roma";"DigitRomaWiFi";"it"
"09/09/2020";"14:31:30";"09/09/2020";"15:04:43";"1993";"90949944";"3611092";"REGISTERED";"Municipio VIII";"Circonvallazione";"Ostiense";"191";"Roma";"DigitRomaWiFi";"it"
"09/09/2020";"15:05:35";"09/09/2020";"15:05:37";"2";"158525";"20248";"REGISTERED";"Municipio VI";"Viale";"Duilio Cambellotti";"11";"Roma";"DigitRomaWiFi";"it"
"09/09/2020";"14:32:54";"09/09/2020";"15:05:45";"1971";"4703756";"1965022";"REGISTERED";"Municipio I";"Via";"Luigi Petroselli";"45";"Roma";"DigitRomaWiFi";"en"
"09/09/2020";"15:00:22";"09/09/2020";"15:06:20";"358";"2662393";"719838";"REGISTERED";"Municipio IX";"Viale";"della Previdenza Sociale";"20";"Roma";"Biblioteche";"it"
"09/09/2020";"14:19:39";"09/09/2020";"15:08:24";"2925";"50841090";"2798159";"REGISTERED";"Municipio VI";"Viale";"Duilio Cambellotti";"11";"Roma";"DigitRomaWiFi";"it"
"09/09/2020";"14:35:14";"09/09/2020";"15:09:15";"2041";"9875820";"2101441";"REGISTERED";"Municipio I";"Piazza";"di Campitelli";"7";"Roma";"DigitRomaWiFi";"it"
"09/09/2020";"14:18:51";"09/09/2020";"15:10:55";"3124";"44599686";"3026739";"SPID_H24";"Municipio I";"Piazza";"San Pantaleo";"10";"Roma";"DigitRomaWiFi_H24";"it"
"09/09/2020";"14:17:56";"09/09/2020";"15:13:10";"3314";"403273844";"6443985";"REGISTERED";"Municipio III";"Piazza";"Sempione";"15";"Roma";"DigitRomaWiFi";"it"
"09/09/2020";"14:26:42";"09/09/2020";"15:17:53";"3071";"16558005";"1996598";"SPID";"Municipio I";"Largo";"Ascianghi";"4";"Roma";"DigitRomaWiFi";"it"
"09/09/2020";"15:04:44";"09/09/2020";"15:21:50";"1026";"11848831";"5740204";"REGISTERED";"Municipio I";"Via";"Luigi Petroselli";"50";"Roma";"DigitRomaWiFi";"it"
"09/09/2020";"15:13:23";"09/09/2020";"15:22:25";"542";"8730761";"2096718";"REGISTERED";"Municipio XV";"Via";"Cassia";"472";"Roma";"DigitRomaWiFi";"it"
"09/09/2020";"15:22:44";"09/09/2020";"15:22:44";"0";"5303";"2916";"REGISTERED";"Municipio V";"Via";"Torre Annunziata";"1";"Roma";"DigitRomaWiFi";"it"
"09/09/2020";"14:33:37";"09/09/2020";"15:23:26";"2989";"416024931";"111725751";"REGISTERED";"Municipio I";"Piazza";"di Campitelli";"7";"Roma";"DigitRomaWiFi";"it"
"09/09/2020";"14:16:07";"09/09/2020";"15:23:41";"4054";"136693215";"6209169";"REGISTERED";"Municipio VIII";"Circonvallazione";"Ostiense";"191";"Roma";"DigitRomaWiFi";"it"
"09/09/2020";"11:15:29";"09/09/2020";"15:25:28";"14999";"457575001";"15800867";"REGISTERED_H24";"Municipio I";"Piazza";"San Pantaleo";"10";"Roma";"DigitRomaWiFi_H24";"it"
"09/09/2020";"13:13:10";"09/09/2020";"15:26:55";"8025";"239237047";"14809280";"REGISTERED";"Municipio I";"Via";"della Consolazione";"4";"Roma";"DigitRomaWiFi";"it"
"09/09/2020";"13:27:44";"09/09/2020";"15:27:45";"7201";"1668724";"398991";"REGISTERED";"Municipio XI";"Via";"Camillo Montalcini";"1";"Roma";"DigitRomaWiFi";"it"
"09/09/2020";"15:23:15";"09/09/2020";"15:28:58";"343";"6093258";"1853189";"SPID_H24";"Municipio I";"Piazza";"San Pantaleo";"10";"Roma";"DigitRomaWiFi_H24";"it"
"09/09/2020";"14:59:02";"09/09/2020";"15:29:41";"1839";"44211143";"6754297";"REGISTERED_MC";"Municipio I";"Via";"delle Tre Pile";"1";"Roma";"Musei_Capitolini";"it"
"09/09/2020";"15:27:49";"09/09/2020";"15:30:05";"136";"507008";"75558";"REGISTERED";"Municipio VII";"Piazza";"di Cinecitta";"11";"Roma";"DigitRomaWiFi";"it"
"09/09/2020";"15:00:15";"09/09/2020";"15:30:54";"1839";"72703916";"2849385";"REGISTERED_MC";"Municipio I";"Via";"delle Tre Pile";"1";"Roma";"Musei_Capitolini";"de"
"09/09/2020";"15:02:26";"09/09/2020";"15:31:50";"1764";"11075121";"1445356";"REGISTERED";"Municipio I";"Piazza";"del Campidoglio";"1";"Roma";"DigitRomaWiFi";"it"
"09/09/2020";"15:22:06";"09/09/2020";"15:32:43";"637";"3810500";"1763549";"REGISTERED_MC";"Municipio I";"Via";"delle Tre Pile";"1";"Roma";"Musei_Capitolini";"en"
"09/09/2020";"13:32:38";"09/09/2020";"15:36:39";"7441";"465963487";"24176288";"REGISTERED";"Municipio IX";"Viale";"della Previdenza Sociale";"20";"Roma";"Biblioteche";"it"
"09/09/2020";"13:50:19";"09/09/2020";"15:36:59";"6400";"2826575873";"562798742";"BIBLIO";"Municipio V";"Via";"del Pigneto";"22";"Roma";"Biblioteche";""
"09/09/2020";"15:39:18";"09/09/2020";"15:41:53";"155";"501058";"71924";"REGISTERED";"Municipio I";"Via";"Luigi Petroselli";"50";"Roma";"DigitRomaWiFi";"it"
"09/09/2020";"15:34:44";"09/09/2020";"15:42:03";"439";"15540281";"1124508";"REGISTERED";"Municipio I";"Via";"della Consolazione";"4";"Roma";"DigitRomaWiFi";"it"
"09/09/2020";"15:12:37";"09/09/2020";"15:43:16";"1839";"49851812";"3961354";"REGISTERED_MC";"Municipio I";"Via";"delle Tre Pile";"1";"Roma";"Musei_Capitolini";"it"
"09/09/2020";"14:08:28";"09/09/2020";"15:44:41";"5773";"41727807";"14581642";"REGISTERED";"Municipio VIII";"Largo ";"Giovanni da Verrazzano";"7";"Roma";"DigitRomaWiFi";"it"
"09/09/2020";"14:56:14";"09/09/2020";"15:45:24";"2950";"266416005";"7779381";"REGISTERED";"Municipio IX";"Via";"del Turismo";"30/32";"Roma";"DigitRomaWiFi";"it"
"09/09/2020";"14:05:43";"09/09/2020";"15:46:38";"6055";"44122191";"5686548";"REGISTERED";"Municipio I";"Piazza";"del Campidoglio";"1";"Roma";"DigitRomaWiFi";"it"
"09/09/2020";"15:36:40";"09/09/2020";"15:47:00";"620";"1349757";"156532";"REGISTERED";"Municipio I";"Piazza";"Di Porta Metronia";"2";"Roma";"DigitRomaWiFi";"it"
"09/09/2020";"15:36:46";"09/09/2020";"15:48:55";"729";"57752254";"5700830";"REGISTERED";"Municipio XV";"Via";"Cassia";"726";"Roma";"DigitRomaWiFi";"it"
"09/09/2020";"15:43:31";"09/09/2020";"15:49:40";"369";"1499706";"258994";"REGISTERED";"Municipio I";"Piazza";"del Campidoglio";"1";"Roma";"DigitRomaWiFi";"it"
"09/09/2020";"15:31:43";"09/09/2020";"15:49:52";"1089";"62195779";"8314191";"REGISTERED_MC";"Municipio I";"Piazza";"del Campidoglio";"1";"Roma";"DigitRomaWiFi";"it"
"09/09/2020";"15:46:27";"09/09/2020";"15:51:11";"284";"1443452";"324518";"REGISTERED";"Municipio XII";"Via";"Fabiola";"14";"Roma";"DigitRomaWiFi";"it"
"09/09/2020";"14:16:37";"09/09/2020";"15:52:20";"5743";"143268351";"8439133";"REGISTERED";"Municipio VIII";"Circonvallazione";"Ostiense";"191";"Roma";"DigitRomaWiFi";"it"
"09/09/2020";"15:58:56";"09/09/2020";"15:59:31";"35";"7087521";"408267";"REGISTERED_MC";"Municipio I";"Via";"delle Tre Pile";"1";"Roma";"Musei_Capitolini";"it"
"09/09/2020";"15:51:18";"09/09/2020";"16:01:15";"597";"98085923";"1570104";"REGISTERED";"Municipio I";"Via";"delle Tre Pile";"1";"Roma";"Musei_Capitolini";"it"
"09/09/2020";"12:03:39";"09/09/2020";"16:03:39";"14400";"321861705";"21402545";"REGISTERED";"Municipio VIII";"Via";"Benedetto Croce";"50";"Roma";"DigitRomaWiFi";"zh"
"09/09/2020";"13:45:15";"09/09/2020";"16:05:17";"8402";"817694666";"14336469";"REGISTERED";"Municipio X";"Via";"Claudio";"1";"Roma";"DigitRomaWiFi";"it"
"09/09/2020";"15:43:41";"09/09/2020";"16:07:08";"1407";"77711190";"4212843";"SPID_H24";"Municipio I";"Piazza";"San Pantaleo";"10";"Roma";"DigitRomaWiFi_H24";"it"
"09/09/2020";"14:52:50";"09/09/2020";"16:07:26";"4476";"25824246";"1343996";"REGISTERED_H24";"Municipio I";"Via";"di Monte Tarpeo";"41";"Roma";"DigitRomaWiFi_H24";"it"
"09/09/2020";"13:17:23";"09/09/2020";"16:12:57";"10534";"3272382";"601043";"REGISTERED";"Municipio I";"Via";"della Greca";"5";"Roma";"DigitRomaWiFi";"it"
"09/09/2020";"13:53:39";"09/09/2020";"16:13:02";"8363";"21568960";"4917485";"REGISTERED";"Municipio I";"Via";"Luigi Petroselli";"45";"Roma";"DigitRomaWiFi";"it"
"09/09/2020";"15:10:48";"09/09/2020";"16:13:51";"3783";"5270088";"11697093";"REGISTERED";"Municipio I";"Via";"dei Cerchi";"6";"Roma";"DigitRomaWiFi";"en"
"09/09/2020";"16:11:44";"09/09/2020";"16:16:32";"288";"1617490";"134725";"REGISTERED";"Municipio VII";"Piazza";"di Cinecitta";"11";"Roma";"DigitRomaWiFi";"it"
"09/09/2020";"14:04:13";"09/09/2020";"16:17:50";"8017";"1782398359";"44983839";"REGISTERED";"Municipio XIII";"Via";"Aurelia";"470";"Roma";"DigitRomaWiFi";"it"
"09/09/2020";"15:48:01";"09/09/2020";"16:18:42";"1841";"46572589";"3494302";"REGISTERED_MC";"Municipio I";"Via";"delle Tre Pile";"1";"Roma";"Musei_Capitolini";"it"
"09/09/2020";"15:52:44";"09/09/2020";"16:19:27";"1603";"36406754";"2257564";"REGISTERED";"Municipio X";"Via";"del Martin Pescatore";"66";"Roma";"DigitRomaWiFi";"it"
"09/09/2020";"16:14:05";"09/09/2020";"16:20:45";"400";"2818542";"1059658";"REGISTERED";"Municipio XII";"Via";"di Donna Olimpia";"43";"Roma";"DigitRomaWiFi";"it"
"09/09/2020";"12:20:49";"09/09/2020";"16:20:49";"14400";"6341324";"1870866";"REGISTERED";"Municipio I";"Via";"della Greca";"5";"Roma";"DigitRomaWiFi";"it"
"09/09/2020";"16:20:55";"09/09/2020";"16:20:55";"0";"7580";"3197";"REGISTERED";"Municipio VI";"Viale";"Duilio Cambellotti";"11";"Roma";"DigitRomaWiFi";"it"
"09/09/2020";"15:37:15";"09/09/2020";"16:18:00";"2445";"600572618";"24264222";"BIBLIO";"Municipio V";"Via";"del Pigneto";"22";"Roma";"Biblioteche";""
"09/09/2020";"14:43:43";"09/09/2020";"16:24:52";"6069";"66203517";"2152997";"REGISTERED";"Municipio V";"Via";"Giorgio Perlasca";"39";"Roma";"DigitRomaWiFi";"it"
"09/09/2020";"15:07:34";"09/09/2020";"16:25:14";"4660";"25489332";"4131496";"REGISTERED";"Municipio XII";"Via";"Paola Falconieri";"38";"Roma";"DigitRomaWiFi";"it"
"09/09/2020";"14:52:10";"09/09/2020";"16:25:44";"5614";"69903123";"6630828";"REGISTERED";"Municipio I";"Via";"Luigi Petroselli";"50";"Roma";"DigitRomaWiFi";"en"
"09/09/2020";"16:11:13";"09/09/2020";"16:26:12";"899";"12741474";"642828";"REGISTERED";"Municipio IX";"Via";"Ignazio  Silone";"100";"Roma";"DigitRomaWiFi";"it"
"09/09/2020";"15:29:37";"09/09/2020";"16:27:34";"3477";"147445254";"12896500";"REGISTERED";"Municipio I";"Via";"del Tritone";"142";"Roma";"DigitRomaWiFi";"it"
"09/09/2020";"16:08:50";"09/09/2020";"16:28:46";"1196";"71402296";"2897547";"SPID_H24";"Municipio I";"Piazza";"San Pantaleo";"10";"Roma";"DigitRomaWiFi_H24";"it"
"09/09/2020";"14:53:59";"09/09/2020";"16:33:33";"5974";"511633362";"14218665";"SPID";"Municipio IV";"Via";"Fabriano";"59";"Roma";"DigitRomaWiFi";"it"
"09/09/2020";"15:56:46";"09/09/2020";"16:35:02";"2296";"176762293";"5190616";"REGISTERED";"Municipio III";"Piazza";"Sempione";"15";"Roma";"DigitRomaWiFi";"it"
"09/09/2020";"14:58:18";"09/09/2020";"16:35:38";"5840";"422628701";"15485797";"REGISTERED";"Municipio VII";"Via";"di Scorticabove";"77";"Roma";"DigitRomaWiFi";"it"
"09/09/2020";"16:33:43";"09/09/2020";"16:37:40";"237";"379473";"55543";"SPID_H24";"Municipio I";"Piazza";"San Pantaleo";"10";"Roma";"DigitRomaWiFi_H24";"it"
"09/09/2020";"14:54:21";"09/09/2020";"16:40:07";"6346";"4137534";"1176424";"REGISTERED";"Municipio VIII";"Via";"Capitan Bavastro";"94";"Roma";"DigitRomaWiFi";"it"
"09/09/2020";"15:22:13";"09/09/2020";"16:43:40";"4887";"21935156";"3854257";"REGISTERED";"Municipio I";"Via";"Luigi Petroselli";"45";"Roma";"DigitRomaWiFi";"it"
"09/09/2020";"15:19:02";"09/09/2020";"16:44:39";"5137";"339965414";"10505517";"REGISTERED";"Municipio I";"Via";"Luigi Petroselli";"50";"Roma";"DigitRomaWiFi";"it"
"09/09/2020";"16:39:34";"09/09/2020";"16:47:40";"486";"7363676";"1156555";"REGISTERED";"Municipio XII";"Via";"Fabiola";"14";"Roma";"DigitRomaWiFi";"it"
"09/09/2020";"14:29:54";"09/09/2020";"16:48:01";"8287";"11851531";"7078454";"REGISTERED";"Municipio VIII";"Largo ";"Giovanni da Verrazzano";"7";"Roma";"DigitRomaWiFi";"it"
"09/09/2020";"16:26:39";"09/09/2020";"16:50:12";"1413";"32652601";"2042226";"REGISTERED_MC";"Municipio I";"Via";"delle Tre Pile";"1";"Roma";"Musei_Capitolini";"it"
"09/09/2020";"16:25:20";"09/09/2020";"16:51:29";"1569";"56035180";"4150570";"REGISTERED";"Municipio I";"Via";"Luigi Petroselli";"50";"Roma";"DigitRomaWiFi";"it"
"09/09/2020";"16:14:15";"09/09/2020";"16:52:56";"2321";"191458462";"68779951";"REGISTERED";"Municipio I";"Via";"4 Novembre";"94";"Roma";"DigitRomaWiFi";"it"
"09/09/2020";"16:49:41";"09/09/2020";"16:54:34";"293";"11770231";"581964";"REGISTERED";"Municipio III";"Piazza";"Sempione";"15";"Roma";"DigitRomaWiFi";"it"
"09/09/2020";"16:40:09";"09/09/2020";"16:58:21";"1092";"9900749";"1647402";"REGISTERED_H24";"Municipio I";"Piazza";"San Pantaleo";"10";"Roma";"DigitRomaWiFi_H24";"it"
"09/09/2020";"17:00:41";"09/09/2020";"17:06:56";"375";"12429164";"485253";"REGISTERED";"Municipio I";"Via";"Luigi Petroselli";"50";"Roma";"DigitRomaWiFi";"it"
"09/09/2020";"16:34:05";"09/09/2020";"17:07:12";"1987";"15095516";"900971";"REGISTERED";"Municipio XII";"Via";"Paola Falconieri";"38";"Roma";"DigitRomaWiFi";"it"
"09/09/2020";"14:24:47";"09/09/2020";"17:07:35";"9768";"1788366309";"37810337";"REGISTERED";"Municipio I";"Via";"del Tempio di Giove";"3";"Roma";"DigitRomaWiFi";"it"
"09/09/2020";"13:09:37";"09/09/2020";"17:09:37";"14400";"45286986";"2720935";"REGISTERED";"Municipio XV";"Via";"Cassia";"472";"Roma";"DigitRomaWiFi";"it"
"09/09/2020";"16:38:01";"09/09/2020";"17:10:37";"1956";"54440190";"4109740";"REGISTERED";"Municipio I";"Piazza";"del Campidoglio";"1";"Roma";"DigitRomaWiFi";"it"
"09/09/2020";"13:29:53";"09/09/2020";"17:12:35";"13362";"67160495";"8058078";"REGISTERED";"Municipio I";"Via";"del Tempio di Giove";"3";"Roma";"DigitRomaWiFi";"it"
"09/09/2020";"16:52:12";"09/09/2020";"17:15:01";"1369";"76506578";"2133097";"REGISTERED";"Municipio I";"Piazza";"Sant'Egidio";"1/B";"Roma";"DigitRomaWiFi";"it"
"09/09/2020";"16:47:08";"09/09/2020";"17:17:47";"1839";"234818850";"9255222";"REGISTERED_MC";"Municipio I";"Via";"delle Tre Pile";"1";"Roma";"Musei_Capitolini";"it"
"09/09/2020";"17:17:27";"09/09/2020";"17:19:34";"127";"411849";"52291";"REGISTERED";"Municipio I";"Via";"Luigi Petroselli";"50";"Roma";"DigitRomaWiFi";"it"
"09/09/2020";"17:05:55";"09/09/2020";"17:20:30";"875";"24494813";"1832014";"REGISTERED";"Municipio I";"Via";"della Consolazione";"4";"Roma";"DigitRomaWiFi";"it"
"09/09/2020";"15:28:57";"09/09/2020";"17:21:03";"6726";"72462184";"3887426";"REGISTERED";"Municipio XII";"Via";"Fabiola";"14";"Roma";"DigitRomaWiFi";"it"
"09/09/2020";"14:24:31";"09/09/2020";"17:22:34";"10683";"560766736";"308823830";"REGISTERED";"Municipio I";"Via";"Luigi Petroselli";"50";"Roma";"DigitRomaWiFi";"it"
"09/09/2020";"17:17:49";"09/09/2020";"17:23:12";"323";"15490588";"383685";"REGISTERED";"Municipio VIII";"Circonvallazione";"Ostiense";"191";"Roma";"DigitRomaWiFi";"it"
"09/09/2020";"17:02:28";"09/09/2020";"17:23:46";"1278";"13018918";"1224756";"REGISTERED_H24";"Municipio I";"Piazza";"San Pantaleo";"10";"Roma";"DigitRomaWiFi_H24";"it"
"09/09/2020";"17:14:23";"09/09/2020";"17:24:44";"621";"59167309";"4253668";"REGISTERED";"Municipio II";"Via";"Nomentana";"70";"Roma";"DigitRomaWiFi";"fr"
"09/09/2020";"16:33:07";"09/09/2020";"17:25:02";"3115";"3238479";"1969916";"REGISTERED";"Municipio VIII";"Largo ";"Giovanni da Verrazzano";"7";"Roma";"DigitRomaWiFi";"it"
"09/09/2020";"17:14:39";"09/09/2020";"17:25:09";"630";"1886290";"1736802";"REGISTERED";"Municipio XII";"Via";"Paola Falconieri";"38";"Roma";"DigitRomaWiFi";"it"
"09/09/2020";"17:16:48";"09/09/2020";"17:25:26";"518";"3379487";"1220626";"SPID";"Municipio IX";"Viale";"della Previdenza Sociale";"20";"Roma";"Biblioteche";"it"
"09/09/2020";"17:17:16";"09/09/2020";"17:26:21";"545";"8651708";"674498";"REGISTERED";"Municipio I";"Piazza";"Giuseppe Mazzini";"41";"Roma";"DigitRomaWiFi";"it"
"09/09/2020";"15:22:52";"09/09/2020";"17:29:06";"7574";"16331680";"1640053";"REGISTERED";"Municipio V";"Via";"Torre Annunziata";"1";"Roma";"DigitRomaWiFi";"it"
"09/09/2020";"13:29:38";"09/09/2020";"17:29:38";"14400";"123827240";"10604343";"SPID";"Municipio XI";"Via";"Portuense";"579";"Roma";"DigitRomaWiFi";"it"
"09/09/2020";"16:40:07";"09/09/2020";"17:32:38";"3151";"172648867";"5502114";"REGISTERED";"Municipio VII";"Via";"di Scorticabove";"77";"Roma";"DigitRomaWiFi";"it"
"09/09/2020";"14:05:17";"09/09/2020";"17:33:43";"12506";"371975819";"19677511";"REGISTERED";"Municipio I";"Piazza";"di Ponte Umberto I";"1";"Roma";"DigitRomaWiFi";"it"
"09/09/2020";"16:27:35";"09/09/2020";"17:35:07";"4052";"27225265";"3903022";"REGISTERED";"Municipio I";"Via";"Luigi Petroselli";"50";"Roma";"DigitRomaWiFi";"it"
"09/09/2020";"17:33:42";"09/09/2020";"17:36:53";"191";"878753";"197773";"REGISTERED";"Municipio I";"Via";"Luigi Petroselli";"50";"Roma";"DigitRomaWiFi";"it"
"09/09/2020";"14:55:24";"09/09/2020";"15:45:25";"3001";"3671486230";"71326646";"REGISTERED";"Municipio V";"Via";"Ostuni";"8";"Roma";"Biblioteche";"it"
"09/09/2020";"13:46:05";"09/09/2020";"17:46:04";"14399";"1430503358";"428468470";"REGISTERED";"Municipio I";"Via";"dei Cerchi";"6";"Roma";"DigitRomaWiFi";"it"
"09/09/2020";"16:21:03";"09/09/2020";"17:47:21";"5178";"97801566";"279015855";"REGISTERED";"Municipio VI";"Viale";"Duilio Cambellotti";"11";"Roma";"DigitRomaWiFi";"it"
"09/09/2020";"17:16:09";"09/09/2020";"17:50:01";"2032";"32369688";"3183924";"SPID_H24";"Municipio I";"Piazza";"San Pantaleo";"10";"Roma";"DigitRomaWiFi_H24";"it"
"09/09/2020";"17:19:44";"09/09/2020";"17:50:22";"1838";"894754129";"16475865";"REGISTERED_MC";"Municipio I";"Via";"delle Tre Pile";"1";"Roma";"Musei_Capitolini";"it"
"09/09/2020";"17:49:20";"09/09/2020";"18:04:14";"894";"1287598";"180417";"REGISTERED";"Municipio XII";"Via";"di Donna Olimpia";"43";"Roma";"DigitRomaWiFi";"it"
"09/09/2020";"17:25:33";"09/09/2020";"18:05:11";"2378";"137035930";"3830366";"REGISTERED";"Municipio VI";"Viale";"Duilio Cambellotti";"11";"Roma";"DigitRomaWiFi";"it"
"09/09/2020";"15:46:51";"09/09/2020";"18:10:02";"8591";"37975125";"2394416";"REGISTERED";"Municipio IX";"Viale";"della Previdenza Sociale";"20";"Roma";"DigitRomaWiFi";"it"
"09/09/2020";"17:12:59";"09/09/2020";"18:10:09";"3430";"16271192";"1469893";"REGISTERED";"Municipio I";"Via";"delle Tre Pile";"1";"Roma";"Musei_Capitolini";"it"
"09/09/2020";"15:56:14";"09/09/2020";"18:11:37";"8123";"63578556";"3281177";"REGISTERED";"Municipio I";"Piazza";"del Campidoglio";"1";"Roma";"DigitRomaWiFi";"it"
"09/09/2020";"18:05:20";"09/09/2020";"18:16:25";"665";"139984773";"3853346";"REGISTERED_MC";"Municipio I";"Via";"delle Tre Pile";"1";"Roma";"Musei_Capitolini";"it"
"09/09/2020";"18:17:00";"09/09/2020";"18:17:00";"0";"5301";"1025";"REGISTERED";"Municipio XI";"Via";"Camillo Montalcini";"1";"Roma";"DigitRomaWiFi";"it"
"09/09/2020";"18:13:43";"09/09/2020";"18:19:27";"344";"4865458";"874193";"REGISTERED_H24";"Municipio I";"Piazza";"San Pantaleo";"10";"Roma";"DigitRomaWiFi_H24";"it"
"09/09/2020";"15:53:50";"09/09/2020";"18:24:00";"9010";"466206020";"20472000";"REGISTERED";"Municipio XV";"Via";"Cassia";"472";"Roma";"DigitRomaWiFi";"it"
"09/09/2020";"17:44:34";"09/09/2020";"18:26:08";"2494";"3221120";"947358";"REGISTERED";"Municipio IX";"Via";"Ignazio  Silone";"100";"Roma";"DigitRomaWiFi";"it"
"09/09/2020";"15:08:55";"09/09/2020";"18:28:32";"11977";"87528223";"20220981";"SPID";"Municipio IX";"Viale";"dei Caduti nella Guerra di Liberazione";"258";"Roma";"DigitRomaWiFi";"it"
"09/09/2020";"14:30:43";"09/09/2020";"18:30:43";"14400";"416204007";"1057052480";"REGISTERED";"Municipio VIII";"Via";"Ostiense";"106";"Roma";"DigitRomaWiFi";"it"
"09/09/2020";"16:01:45";"09/09/2020";"18:32:54";"9069";"47164277";"15025358";"REGISTERED";"Municipio III";"Via";"Flavio Ando";"12";"Roma";"DigitRomaWiFi";"it"
"09/09/2020";"17:39:48";"09/09/2020";"18:35:11";"3323";"49888760";"2784020";"REGISTERED";"Municipio XII";"Via";"Paola Falconieri";"38";"Roma";"DigitRomaWiFi";"it"
"09/09/2020";"17:32:26";"09/09/2020";"18:35:19";"3773";"48839110";"2627087";"REGISTERED";"Municipio I";"Piazza";"del Campidoglio";"1";"Roma";"DigitRomaWiFi";"it"
"09/09/2020";"17:52:32";"09/09/2020";"18:37:01";"2669";"144817938";"9511315";"REGISTERED";"Municipio I";"Via";"del Tritone";"142";"Roma";"DigitRomaWiFi";"it"
"09/09/2020";"14:43:58";"09/09/2020";"18:38:49";"14091";"531756143";"15636809";"REGISTERED";"Municipio X";"Piazza";"Capelvenere";"13";"Roma";"DigitRomaWiFi";"it"
"09/09/2020";"17:55:27";"09/09/2020";"18:46:12";"3045";"3101563";"5128200";"SPID_H24";"Municipio I";"Piazza";"San Pantaleo";"10";"Roma";"DigitRomaWiFi_H24";"it"
"09/09/2020";"18:17:07";"09/09/2020";"18:54:55";"2268";"1325177465";"33987928";"REGISTERED";"Municipio XI";"Via";"Camillo Montalcini";"1";"Roma";"DigitRomaWiFi";"it"
"09/09/2020";"15:20:19";"09/09/2020";"18:56:42";"12983";"392605215";"148999049";"REGISTERED";"Municipio I";"Piazza";"di Campitelli";"7";"Roma";"DigitRomaWiFi";"it"
"09/09/2020";"18:49:57";"09/09/2020";"18:58:17";"500";"2412690";"495331";"REGISTERED";"Municipio VIII";"Largo ";"Giovanni da Verrazzano";"7";"Roma";"DigitRomaWiFi";"it"
"09/09/2020";"18:39:28";"09/09/2020";"19:04:12";"1484";"12779099";"2772116";"REGISTERED_H24";"Municipio I";"Piazza";"San Pantaleo";"10";"Roma";"DigitRomaWiFi_H24";"it"
"09/09/2020";"18:15:49";"09/09/2020";"19:06:20";"3031";"85106941";"6192087";"REGISTERED";"Municipio VIII";"Largo";"delle Sette Chiese";"25";"Roma";"DigitRomaWiFi";"it"
"09/09/2020";"19:00:07";"09/09/2020";"19:14:57";"890";"17096277";"1538739";"REGISTERED";"Municipio VIII";"Largo ";"Giovanni da Verrazzano";"7";"Roma";"DigitRomaWiFi";"it"
"09/09/2020";"16:21:50";"09/09/2020";"19:16:50";"10500";"1453339483";"1222385209";"BIBLIO";"Municipio V";"Via";"del Pigneto";"22";"Roma";"Biblioteche";""
"09/09/2020";"18:52:57";"09/09/2020";"19:20:49";"1672";"24069890";"3805484";"REGISTERED";"Municipio V";"Viale";"Antonio Averulino Filarete";"21";"Roma";"DigitRomaWiFi";"it"
"09/09/2020";"18:15:30";"09/09/2020";"19:25:13";"4183";"57775996";"6119283";"REGISTERED";"Municipio I";"Via";"delle Tre Pile";"1";"Roma";"Musei_Capitolini";"it"
"09/09/2020";"15:57:29";"09/09/2020";"19:30:51";"12802";"1284624546";"25995395";"REGISTERED";"Municipio I";"Via";"Luigi Petroselli";"45";"Roma";"DigitRomaWiFi";"it"
"09/09/2020";"19:01:58";"09/09/2020";"20:03:40";"3702";"38914994";"5891347";"REGISTERED";"Municipio I";"Piazza";"di Campitelli";"7";"Roma";"DigitRomaWiFi";"it"
"09/09/2020";"19:50:38";"09/09/2020";"20:20:02";"1764";"109057730";"5245731";"REGISTERED";"Municipio IX";"Via";"del Turismo";"30/32";"Roma";"DigitRomaWiFi";"it"
"09/09/2020";"19:40:20";"09/09/2020";"20:20:04";"2384";"13437220";"4619219";"REGISTERED";"Municipio IX";"Via";"Ignazio  Silone";"100";"Roma";"DigitRomaWiFi";"it"
"09/09/2020";"17:14:07";"09/09/2020";"20:24:44";"11437";"112404235";"9846104";"REGISTERED";"Municipio I";"Via";"del Tempio di Giove";"3";"Roma";"DigitRomaWiFi";"it"
"09/09/2020";"19:14:58";"09/09/2020";"19:32:15";"1037";"3370445";"13271058";"BIBLIO";"Municipio V";"Via";"del Pigneto";"22";"Roma";"Biblioteche";""
"09/09/2020";"16:47:14";"09/09/2020";"20:50:42";"14608";"1236436175";"45410645";"REGISTERED";"Municipio VIII";"Via";"Capitan Bavastro";"94";"Roma";"DigitRomaWiFi";"it"
"09/09/2020";"20:36:03";"09/09/2020";"20:55:13";"1150";"930606";"259835";"REGISTERED";"Municipio I";"Piazza";"Di Porta Metronia";"2";"Roma";"DigitRomaWiFi";"it"
"09/09/2020";"20:32:52";"09/09/2020";"20:55:14";"1342";"146468146";"2740526";"REGISTERED";"Municipio VII";"Piazza";"di Cinecitta";"11";"Roma";"DigitRomaWiFi";"it"
"09/09/2020";"19:08:15";"09/09/2020";"19:27:08";"1133";"58932884";"3798751";"REGISTERED";"Municipio V";"Via";"Ostuni";"8";"Roma";"Biblioteche";"it"
"09/09/2020";"18:50:10";"09/09/2020";"21:46:35";"10585";"176896273";"9592040";"REGISTERED";"Municipio I";"Via";"della Greca";"5";"Roma";"DigitRomaWiFi";"it"
"09/09/2020";"21:40:27";"09/09/2020";"21:47:31";"424";"477215";"89043";"REGISTERED";"Municipio I";"Via";"della Consolazione";"4";"Roma";"DigitRomaWiFi";"it"
"09/09/2020";"21:14:09";"09/09/2020";"21:51:14";"2225";"119266536";"7341686";"REGISTERED";"Municipio XII";"Via";"di Donna Olimpia";"43";"Roma";"DigitRomaWiFi";"it"
"09/09/2020";"17:57:27";"09/09/2020";"22:02:39";"14712";"1812476629";"28185898";"REGISTERED";"Municipio I";"Piazza";"del Campidoglio";"1";"Roma";"DigitRomaWiFi";"it"
"09/09/2020";"21:51:26";"09/09/2020";"22:47:27";"3361";"63937730";"4601127";"REGISTERED";"Municipio VI";"Viale";"Duilio Cambellotti";"11";"Roma";"DigitRomaWiFi";"it"
"09/09/2020";"23:02:21";"09/09/2020";"23:10:47";"506";"416649";"60385";"REGISTERED";"Municipio I";"Via";"della Consolazione";"4";"Roma";"DigitRomaWiFi";"it"
"09/09/2020";"23:31:03";"09/09/2020";"23:38:33";"450";"60214488";"4091762";"REGISTERED";"Municipio I";"Via";"del Tritone";"142";"Roma";"DigitRomaWiFi";"it"
